#{"t_start": 1595800471.0562038, "env_id": null}
r,l,t
-4423.867693,3571,78.869687
-4136.141727,3571,154.483818
-4388.944801,3571,232.635538
-4833.846619,3571,311.079985
-4000.868528,3571,389.962602
-4959.619347,3571,466.514023
-4723.903647,3571,543.412322
-4976.208829,3571,621.399501
-5761.671615,3571,696.889852
-4518.67829,3571,774.760427
-3336.479164,3571,859.509894
-4673.424513,3571,937.459662
-3716.985581,3571,1019.831538
-5087.262117,3571,1095.646513
-125.514017,33,1097.470778
-117.803188,25,1097.96825
-117.803188,25,1098.438587
-117.803188,25,1099.44915
-117.022623,24,1099.882854
-117.022623,24,1100.32871
-117.022623,24,1100.766408
-117.022623,24,1101.212778
-117.590534,25,1102.253141
-117.590534,25,1102.73912
-117.590534,25,1103.178849
-117.590534,25,1103.641439
-116.811265,25,1104.725832
-116.630913,25,1105.227709
-116.630913,25,1105.761304
-116.630913,25,1106.257186
-301.159907,160,1110.20689
-137.677135,56,1111.97058
-354.766164,181,1115.417862
-367.73593,184,1119.467646
-421.14884,228,1125.369013
-288.784163,149,1128.381374
-275.881258,120,1131.100644
-304.979444,146,1134.612993
-345.994592,171,1138.155245
-216.095589,95,1140.384948
-258.493418,201,1145.841436
-385.763754,267,1152.479145
-325.46307,169,1156.401265
-228.144874,88,1158.442498
-408.888788,257,1164.349982
-241.132799,95,1166.579249
-986.422171,743,1185.347507
-245.424013,100,1187.732312
-240.623634,98,1190.088642
-642.228136,634,1206.780495
-314.340307,175,1211.244188
-295.526797,162,1215.000659
-530.845662,362,1223.925065
-700.956762,555,1237.444731
-351.54545,260,1244.483759
-180.265063,120,1247.584471
-524.292459,323,1255.059268
-981.184925,738,1274.819714
-495.00461,366,1283.911272
-508.699792,356,1292.928097
-391.895562,226,1298.151844
-435.50208,283,1305.171244
-604.267749,322,1311.774513
-327.656662,251,1318.701858
-231.431781,166,1323.574686
-948.414226,595,1336.602257
-232.551615,165,1341.129591
-677.572801,399,1350.155125
-310.956134,194,1355.304108
-437.62069,288,1362.135374
-483.533937,349,1370.158717
-773.984209,562,1383.308392
-940.887613,823,1404.255625
-669.277842,608,1419.899949
-166.74068,86,1422.182794
-284.577699,202,1427.13218
-204.193589,171,1432.426712
-394.983455,315,1440.525918
-286.083891,183,1445.351323
-193.035648,132,1448.957231
-251.55825,163,1453.376551
-1018.527624,822,1473.422786
-187.938301,149,1478.065979
-511.790084,364,1486.620522
-582.95101,357,1494.844193
-312.744046,188,1499.441918
-289.722118,190,1504.391292
-468.486299,333,1512.398365
-273.31448,187,1517.065382
-303.92831,170,1520.638894
-300.967748,210,1526.429796
-164.466965,115,1529.63622
-280.418427,185,1534.343042
-229.538135,122,1537.830138
-619.346022,610,1553.565392
-241.159443,131,1556.680818
-177.987093,85,1558.77999
-215.778495,145,1562.960543
-268.865502,165,1566.536393
-310.013984,265,1573.487074
-283.601148,178,1578.055327
-116.712249,27,1578.675915
-116.712249,27,1579.293004
-116.712249,27,1579.892166
-117.089184,28,1581.021095
-370.441899,252,1587.011807
-179.493016,87,1589.247336
-118.240457,27,1589.901576
-118.2528,27,1591.139439
-950.831578,558,1602.608773
-117.003624,28,1603.254679
-310.203115,226,1609.505279
-117.905758,29,1610.16369
-117.905758,29,1610.842126
-117.875835,29,1611.98762
-278.713878,202,1616.722448
-269.543364,164,1620.042746
-180.750215,92,1622.43015
-338.022461,290,1630.248608
-210.09303,112,1633.049028
-410.873151,252,1639.334682
-283.892791,155,1642.796542
-484.690058,433,1653.939902
-529.908109,379,1662.227829
-117.673612,29,1663.422175
-116.601534,26,1664.033166
-116.601534,26,1664.659019
-116.601534,26,1665.297934
-116.623297,26,1666.343286
-116.623297,26,1666.904781
-116.623297,26,1667.493148
-116.623297,26,1668.652119
-116.581065,26,1669.474741
-116.581065,26,1670.172771
-116.581065,26,1670.765308
-116.604452,26,1671.825329
-116.840275,26,1672.410941
-116.840275,26,1673.051144
-116.840275,26,1673.640026
-117.235623,27,1674.79464
-220.203178,100,1677.305881
-287.539515,213,1682.448654
-532.577014,448,1693.418567
-396.699124,246,1699.610026
-241.262057,163,1703.721393
-455.654446,336,1712.465716
-264.868344,142,1715.629509
-245.234192,141,1718.993592
-170.581366,97,1721.600756
-264.317933,176,1725.86044
-284.574985,233,1732.264298
-197.474022,100,1734.830765
-203.802736,100,1737.436309
-190.332753,93,1739.308996
-212.026534,125,1742.870259
-213.905466,147,1746.164069
-353.681315,216,1751.608509
-252.043967,129,1755.141286
-231.652524,109,1757.906457
-218.168641,110,1760.562049
-274.787393,187,1765.283725
-217.734739,109,1767.778294
-1173.35971,768,1784.675108
-261.559897,183,1789.353479
-248.691952,142,1793.218444
-195.675644,133,1796.746079
-571.6287,390,1805.809861
-274.466706,196,1810.400508
-322.410628,228,1815.931255
-123.380072,40,1817.358882
-210.194778,128,1820.510333
-378.695566,203,1825.002144
-376.804829,285,1831.949911
-321.148867,263,1838.408191
-390.479049,208,1842.832738
-483.950007,398,1852.395971
-917.68114,537,1864.867329
-348.874103,259,1871.192086
-160.820043,94,1873.699979
-297.614511,213,1878.771762
-170.167718,80,1880.820957
-208.689437,136,1884.641657
-280.262977,215,1890.036837
-925.328255,499,1901.177274
-473.716693,254,1906.515379
-270.786573,238,1913.418331
-423.907583,226,1918.361218
-858.910131,615,1932.770773
-778.978177,454,1943.015818
-266.532925,168,1946.776192
-293.276144,210,1952.118602
-453.118093,327,1960.329813
-541.05208,378,1969.303539
-765.916527,566,1983.025051
-1050.036049,863,2005.60783
-656.724019,594,2021.084669
-1001.769969,754,2038.694143
-1167.278652,926,2061.829463
-264.811931,121,2064.571205
-718.618753,529,2077.285186
-514.821224,355,2086.397126
-771.854657,658,2103.494775
-1198.284144,1153,2133.356181
-730.995482,536,2146.815777
-161.515157,84,2149.382286
-903.300461,840,2171.707702
-281.730483,289,2179.915496
-1086.589839,1048,2208.62388
-692.748145,773,2230.192068
-406.266587,275,2237.70862
-211.825572,146,2242.138773
-271.337904,200,2247.648001
-682.261649,635,2264.875602
-460.987965,415,2276.489695
-608.662276,601,2292.979721
-372.413977,285,2300.650852
-354.913938,206,2305.921724
-330.207929,205,2311.128937
-577.116223,540,2325.523059
-282.862323,226,2332.033603
-371.452214,296,2339.928966
-669.974903,849,2365.349064
-347.44277,264,2372.712569
-728.024426,645,2389.899959
-197.304917,147,2394.630691
-403.613538,291,2402.60588
-264.125929,180,2407.03616
-371.571512,309,2416.093222
-781.576983,1239,2454.343655
-323.530718,254,2460.965692
-408.735033,309,2469.833533
-162.646964,131,2473.54482
-428.662114,352,2482.701205
-404.24917,312,2490.658149
-118.431493,34,2492.020255
-118.431493,34,2492.828602
-118.431493,34,2494.188187
-316.379775,222,2500.01451
-433.688504,366,2509.526045
-234.825931,151,2513.873728
-121.95742,38,2514.736549
-655.253667,906,2541.40096
-234.783516,324,2551.735465
-266.611417,398,2563.932114
-877.502512,1016,2592.014052
-822.053106,646,2608.270165
-293.668865,260,2615.291403
-385.350148,372,2624.669743
-402.83641,411,2636.720958
-957.88771,1267,2673.417905
-335.012066,259,2680.579731
-454.800074,364,2690.427144
-880.391382,1220,2724.944712
-482.480171,323,2732.969595
-307.633888,232,2738.950845
-1689.71295,1873,2790.473809
-274.232109,133,2793.597372
-299.048274,187,2798.619986
-1201.57626,1312,2835.806204
-289.760483,199,2840.758934
-434.313691,426,2852.752547
-285.8202,319,2861.858056
-590.169748,916,2889.607363
-310.262065,226,2895.39809
-474.849446,436,2908.030946
-309.321333,250,2914.370398
-430.092076,436,2925.946614
-972.917111,1009,2953.759029
-452.200514,309,2962.479273
-459.720103,406,2973.473248
-816.31978,659,2990.696788
-392.680496,296,2997.930522
-118.325921,28,2998.654219
-335.03691,225,3005.020616
-464.290909,431,3016.551217
-230.871179,173,3021.742216
-638.787482,527,3035.753309
-279.090726,204,3040.981277
-273.289021,224,3046.645116
-517.383423,632,3065.567801
-275.990518,208,3071.328354
-320.201634,218,3076.20616
-147.822406,83,3078.616024
-344.13758,235,3084.280609
-422.687863,296,3091.83904
-290.811675,206,3097.021341
-145.191181,90,3099.560614
-273.789454,182,3104.144212
-842.710192,1033,3133.582641
-340.358571,297,3141.22259
-420.780387,428,3153.514076
-326.077915,254,3160.689406
-490.852122,330,3168.620219
-204.511855,142,3172.678578
-250.781885,196,3177.964868
-333.264364,208,3183.372159
-277.903963,179,3187.492426
-230.200065,139,3191.328197
-570.667561,572,3206.8446
-840.453937,692,3224.018636
-722.294618,536,3238.114241
-180.913529,111,3240.973529
-364.972273,239,3246.737787
-445.769814,371,3256.699165
-289.034148,223,3262.539293
-155.986553,75,3264.851285
-454.128041,340,3273.944991
-332.587185,209,3279.85903
-1107.935849,831,3299.965634
-355.41335,229,3305.623025
-304.784353,214,3311.499115
-328.406848,274,3319.049796
-357.210798,283,3326.35289
-198.96647,139,3329.765613
-303.137887,211,3335.077935
-453.488701,389,3345.891672
-471.098175,334,3354.42879
-344.892974,254,3360.834876
-158.895609,80,3363.283652
-546.580681,546,3377.865091
-624.334351,548,3392.816683
-154.698353,85,3395.367733
-159.446351,82,3397.716307
-469.978393,431,3409.583776
-480.150409,422,3421.060444
-277.47626,202,3426.427251
-383.681957,286,3434.288095
-156.794334,82,3436.764
-314.351155,226,3442.784565
-215.125285,264,3451.474289
-337.500547,221,3457.445673
-320.439578,194,3462.112679
-710.098402,588,3478.009811
-196.134503,132,3481.243907
-294.943301,201,3486.514895
-1509.369931,1328,3520.890559
-442.750539,392,3531.935873
-521.111701,600,3549.205212
-171.689259,102,3551.982859
-1787.357106,1697,3598.000498
-1705.990985,1668,3644.023982
-221.229675,245,3651.295416
-211.894424,216,3657.893857
-485.000212,353,3667.476671
-1742.707124,1615,3710.631914
-144.934795,78,3712.972622
-717.272555,797,3735.193688
-463.451569,341,3743.874312
-1650.808783,1400,3779.984914
-591.992414,468,3792.645131
-457.923793,423,3804.498768
-1039.092579,928,3830.216416
-390.714981,266,3836.862541
-737.278254,712,3855.823835
-333.642581,221,3862.031802
-734.402346,600,3878.183008
-376.889943,264,3884.997848
-147.926668,87,3887.606273
-298.142135,183,3892.617416
-165.625793,112,3895.662006
-281.263655,191,3900.737402
-923.320999,795,3921.801128
-343.893208,271,3929.444857
-1483.505485,1461,3969.363522
-474.813359,467,3982.302395
-454.870794,333,3991.259932
-332.800978,275,3999.236232
-342.855775,229,4005.326087
-799.710575,801,4027.861542
-263.893069,228,4034.372868
-900.200227,733,4054.057882
-161.443613,106,4057.086923
-1183.924687,1145,4088.274175
-382.050316,367,4099.257973
-471.623906,297,4106.750373
-358.584517,248,4112.971238
-200.852838,241,4120.331087
-310.951932,190,4125.614323
-377.730323,261,4132.300231
-606.308488,498,4145.233487
-328.756257,206,4150.599923
-123.393875,38,4151.984691
-123.23348,38,4152.848601
-122.800378,37,4154.215932
-335.639878,256,4160.897405
-237.863625,180,4165.500512
-467.155566,513,4179.98982
-392.65393,277,4187.402817
-286.420128,363,4198.097814
-342.515054,224,4204.270498
-707.67763,958,4231.748309
-359.721613,296,4239.755659
-657.584389,659,4258.337913
-628.702832,562,4273.131584
-171.149693,159,4278.386806
-556.124465,424,4289.462418
-568.072799,395,4300.27495
-919.037656,699,4318.620877
-1074.909098,919,4343.436163
-291.207556,202,4348.934615
-200.920123,165,4353.874716
-1146.211975,1407,4393.610855
-438.811066,355,4403.834009
-241.213499,379,4415.366356
-239.272102,229,4422.481643
-228.570845,241,4429.460213
-460.661648,422,4441.149227
-304.921086,276,4449.347939
-380.721633,277,4457.359895
-330.685968,211,4462.608789
-528.258386,467,4475.773186
-165.199846,117,4479.133794
-303.000956,193,4484.362976
-501.463255,456,4496.884475
-142.952502,63,4498.893566
-803.898436,735,4518.558187
-342.718824,514,4535.265619
-289.137623,279,4543.30943
-302.856084,434,4556.976098
-524.140931,379,4566.194688
-391.697724,334,4576.310443
-601.040783,430,4587.590997
-367.649776,238,4593.721035
-499.962148,569,4610.639076
-528.707964,372,4620.600184
-212.79939,170,4625.781125
-132.641709,61,4627.337484
-1534.230108,1637,4673.412994
-336.184407,263,4681.350924
-338.892814,250,4688.248367
-495.599516,514,4702.241667
-168.345907,129,4705.750771
-677.370313,586,4722.163702
-1690.974201,1397,4759.567003
-325.732483,276,4767.524979
-197.098111,147,4771.290969
-949.544742,1005,4799.894764
-201.075799,124,4803.378924
-1753.154137,2167,4866.02336
-354.272888,328,4874.785136
-400.546156,344,4884.677176
-1154.16395,3111,4983.216073
-184.824554,152,4987.419512
-576.961453,794,5011.228754
-204.539446,140,5015.479907
-373.369227,312,5023.771008
-897.498247,928,5049.518494
-670.098595,495,5062.735623
-314.265793,207,5067.993197
-735.945432,814,5091.128771
-560.294842,492,5105.117929
-210.062656,163,5110.201624
-681.66312,577,5126.904695
-273.592561,252,5133.968644
-167.751369,92,5136.818605
-1133.86792,3571,5249.308433
-838.607214,3571,5357.037714
-1543.41055,1683,5403.335456
-249.068918,179,5408.398738
-427.956228,349,5418.263238
-383.945614,334,5427.294185
-116.585088,27,5427.968533
-116.585088,27,5428.596036
-228.350568,241,5436.480671
-203.037154,227,5443.309641
-421.596422,338,5452.799906
-966.958651,1015,5480.499978
-212.192242,164,5484.726346
-274.591816,193,5489.911564
-496.882549,419,5501.267827
-361.87381,388,5512.274478
-473.839276,391,5522.817996
-163.856186,110,5526.086489
-215.400962,188,5531.802476
-818.335454,728,5552.388968
-177.075201,128,5555.901429
-128.715799,50,5557.183745
-1227.144411,1163,5588.308658
-1016.449203,1055,5616.614438
-165.198796,109,5620.250945
-184.614404,171,5624.827077
-222.970757,185,5630.141851
-199.4561,169,5635.235569
-385.993532,282,5642.92806
-499.615297,431,5653.632781
-1158.363283,1248,5689.54664
-301.321236,247,5696.460556
-270.0241,403,5708.997704
-284.972172,208,5714.741993
-302.525632,362,5725.303429
-346.339949,759,5748.416557
-809.207201,1344,5785.279852
-286.452741,184,5789.594062
-209.302012,200,5795.182958
-154.086469,133,5799.721181
-522.898165,710,5820.810537
-322.793064,219,5826.641246
-470.138508,724,5847.59036
-384.299267,441,5860.2285
-160.953782,107,5863.493078
-334.087474,2002,5922.839602
-124.780115,33,5923.698863
-124.780109,33,5925.00602
-417.852778,375,5935.016088
-249.801725,288,5944.12187
-163.020631,125,5947.839586
-443.12473,522,5963.382089
-432.635395,356,5973.210178
-351.709521,334,5983.548223
-452.432333,1797,6037.177981
-209.51191,133,6041.5855
-125.261362,32,6042.315924
-125.261362,32,6043.058945
-126.248444,33,6044.368365
-126.248444,33,6045.156908
-126.248444,33,6045.992434
-127.096643,33,6047.242081
-259.148334,234,6054.013831
-458.880416,350,6063.628555
-479.845303,464,6076.206395
-127.228554,34,6077.521188
-141.931445,62,6078.991344
-562.780014,506,6092.813194
-322.135313,309,6101.779289
-162.356913,105,6104.930969
-338.725475,277,6112.863578
-253.535508,320,6122.818819
-960.588943,857,6146.017493
-210.77416,228,6153.094863
-501.458891,517,6167.152939
-421.283717,317,6175.987119
-126.611903,33,6176.70366
-126.611903,33,6177.496517
-126.613282,33,6178.800482
-412.631291,285,6185.954182
-165.211693,100,6188.671434
-173.182398,106,6191.74229
-560.469468,590,6208.195059
-204.687359,204,6214.341981
-604.675905,573,6230.261918
-127.407472,35,6231.130942
-125.375918,34,6232.417228
-125.375918,34,6233.297733
-125.375918,34,6234.549051
-944.750507,1498,6277.910762
-1037.684629,1081,6306.736802
-642.882587,633,6324.12882
-937.388756,818,6345.728044
-303.407962,238,6352.134801
-313.892189,203,6357.562823
-916.685584,935,6383.230258
-254.024166,576,6399.23189
-1217.852423,1400,6438.372346
-124.905438,34,6439.871006
-940.695872,3571,6558.786963
-469.950794,358,6568.633454
-579.840054,541,6583.043046
-483.073045,626,6601.405537
-265.563002,333,6611.494264
-1369.524185,1977,6667.816644
-1191.569497,1314,6703.702032
-142.034599,89,6706.39209
-351.461321,367,6716.981825
-126.188079,35,6718.344954
-361.069467,337,6726.918327
-371.542877,430,6739.359014
-273.265893,366,6750.415905
-399.389726,528,6765.747212
-386.888206,437,6778.750227
-251.097806,323,6788.478251
-197.185479,133,6792.000451
-209.610119,193,6797.47466
-471.190462,392,6808.063372
-370.126451,322,6816.76367
-575.467746,1995,6880.710872
-315.190556,279,6889.400825
-1288.576409,3571,7004.26835
-242.982696,204,7010.013391
-595.951001,623,7027.362739
-701.782299,695,7046.551966
-175.818219,140,7050.204385
-1015.93086,1309,7088.293444
-389.355176,584,7105.794937
-256.003686,275,7114.237724
-392.628797,394,7125.626332
-319.492913,245,7132.622546
-737.839879,998,7160.91534
-528.933384,583,7177.214919
-878.408626,3571,7295.942263
-245.745316,175,7300.853368
-217.086378,228,7307.818245
-798.920354,1221,7343.633882
-206.523496,231,7351.356479
-425.301608,348,7361.070787
-495.015921,361,7370.842803
-468.631966,656,7389.926136
-634.511931,688,7410.218613
-523.06833,589,7427.109196
-961.202738,947,7452.405169
-204.522646,254,7460.590662
-1111.362466,1320,7497.066902
-472.761851,400,7507.694103
-1061.779955,3571,7619.645836
-561.503801,526,7634.206593
-271.370276,305,7642.694391
-857.562703,3571,7764.051295
-563.628954,555,7779.454427
-211.337979,255,7787.351677
-367.750895,253,7794.048545
-570.382911,636,7811.888881
-373.841993,309,7819.777547
-122.879242,35,7820.594535
-123.156593,36,7821.975481
-368.375714,236,7827.689209
-191.326188,137,7831.352424
-364.95463,219,7837.620191
-513.579538,474,7849.947601
-178.813305,126,7854.116754
-470.970721,374,7863.846921
-828.653518,2191,7931.369086
-364.986366,297,7939.650638
-123.299723,33,7940.919856
-327.80192,192,7945.920719
-441.568662,355,7955.24036
-325.998373,246,7962.452318
-520.52964,441,7973.551066
-397.048368,249,7979.843869
-262.117615,301,7989.331762
-670.769564,613,8006.923762
-123.474151,37,8007.846454
-123.474151,37,8008.858945
-122.799223,37,8010.391071
-324.973846,200,8015.295598
-383.259042,335,8024.059341
-613.340275,552,8038.776454
-395.183923,349,8048.391857
-707.975524,586,8063.579609
-335.296969,240,8069.769425
-122.363654,35,8071.087311
-174.512575,117,8074.379097
-173.998298,112,8077.367853
-289.071837,276,8085.444064
-122.731659,36,8086.359227
-122.731659,36,8087.153773
-316.275846,318,8096.639656
-385.013026,331,8105.539331
-508.6204,583,8122.94442
-545.016758,395,8133.140257
-186.477392,222,8140.333098
-293.922003,179,8144.726253
-121.124093,35,8145.630237
-121.124093,35,8146.428977
-311.811923,241,8153.141197
-297.680488,211,8158.688964
-203.31753,171,8163.86299
-296.090099,203,8169.183382
-362.760922,418,8181.52985
-170.103519,130,8185.325856
-208.767063,166,8190.264804
-122.914706,36,8191.084944
-122.903331,36,8192.414771
-177.739837,119,8195.646105
-122.717536,36,8196.483233
-122.717536,36,8197.267346
-154.165438,91,8199.891202
-653.728315,833,8223.570935
-123.182211,35,8224.341011
-123.182211,35,8225.136312
-462.553294,474,8238.260837
-564.267884,465,8251.372543
-792.648251,684,8269.615168
-1141.543954,3571,8377.671073
-349.114087,234,8384.150861
-653.390859,806,8407.321407
-464.739324,558,8423.704733
-1078.299584,3571,8533.505208
-430.630585,465,8547.783998
-503.060351,320,8556.003352
-122.973737,37,8556.836983
-122.625529,36,8558.304783
-228.228131,138,8562.072018
-445.847014,426,8573.641808
-257.64479,182,8578.637804
-221.673953,204,8584.824385
-421.255924,458,8597.691321
-361.074932,325,8606.767732
-355.16944,336,8616.689586
-224.209106,201,8622.667023
-377.165372,275,8630.297304
-412.842509,307,8638.565316
-168.948655,152,8643.553898
-1168.74114,3571,8753.316954
-1082.600618,3571,8868.119053
-235.121091,296,8877.268391
-719.089822,969,8907.062282
-142.065586,71,8908.8322
-682.526419,1019,8939.047992
-122.889252,36,8939.948438
-122.889252,36,8940.779246
-480.275312,542,8957.016818
-267.895044,223,8963.141315
-141.366127,79,8965.523309
-174.237874,139,8969.616524
-1098.797186,3022,9063.557826
-132.602315,58,9065.498349
-306.529433,264,9073.130481
-156.291836,129,9076.935287
-1216.707463,1340,9113.443456
-187.888084,212,9119.90414
-217.527779,275,9128.877594
-1113.368705,3571,9247.90097
-205.294161,212,9254.138822
-1508.043624,1567,9297.971361
-122.428082,37,9298.867244
-122.428082,37,9299.808603
-622.627626,692,9319.702542
-122.785539,38,9321.189532
-193.133019,284,9331.032201
-262.741962,285,9338.695017
-392.090035,635,9358.46206
-121.826432,35,9359.280287
-121.826432,35,9360.088229
-160.027888,146,9364.923796
-729.563514,681,9383.803739
-139.213048,83,9386.322249
-345.886632,356,9396.708051
-1034.179204,852,9418.780406
-442.394341,1170,9458.228984
-166.615115,174,9464.229889
-291.27493,188,9468.875697
-680.023729,512,9482.336678
-131.126035,53,9484.018432
-355.47875,344,9493.192645
-470.917413,387,9504.102745
-756.266943,615,9519.815205
-547.859602,515,9533.394862
-175.935717,175,9538.936475
-873.603592,3571,9662.704055
-307.589035,197,9667.80233
-458.799063,327,9676.318652
-953.885314,1238,9711.968796
-438.326681,485,9725.422235
-565.872848,578,9741.846712
-307.069541,240,9748.303156
-227.79926,228,9755.421716
-485.330419,569,9772.070775
-918.633848,3571,9893.729204
-1310.769128,1779,9945.755288
-297.222411,230,9951.79671
-461.510318,498,9966.189444
-857.381453,3571,10082.888817
-545.966965,491,10096.501262
-225.626375,259,10104.184501
-142.205151,81,10106.700485
-298.753987,359,10117.657664
-962.704195,3571,10238.287101
-580.326421,566,10254.414923
-280.334973,189,10259.588938
-242.305371,273,10267.730715
-297.080682,292,10276.252959
-168.430018,89,10278.147946
-359.187984,249,10284.892778
-271.144091,553,10303.895994
-863.758155,920,10330.362663
-852.139673,3571,10449.16473
-385.060167,360,10459.101621
-1224.229698,3571,10577.962915
-341.389471,361,10588.922546
-277.900699,209,10594.418619
-763.134362,942,10623.449422
-190.302364,195,10629.710928
-294.097143,339,10639.05047
-942.014091,3571,10758.993182
-317.355024,192,10763.866375
-940.364566,3571,10883.169605
-237.36421,273,10890.819954
-325.698773,382,10902.707341
-190.150447,206,10908.969749
-496.200349,481,10923.053655
-509.091477,392,10933.636545
-230.884212,333,10944.077728
-179.266728,161,10949.493251
-336.799084,451,10961.732597
-175.873662,143,10966.078767
-308.380614,224,10971.492918
-916.197625,3571,11092.125924
-374.426696,382,11103.395049
-173.393299,175,11108.48682
-200.293509,194,11114.445719
-156.687213,123,11117.988189
-387.488363,256,11124.765853
-423.977227,421,11136.283502
-200.486993,167,11141.370432
-313.496975,476,11156.437321
-272.770155,328,11166.219722
-344.1871,350,11176.179674
-347.984316,259,11183.308762
-172.505542,152,11187.710555
-312.808643,240,11194.13948
-458.275468,564,11210.948099
-336.776,718,11232.484753
-299.170948,681,11254.546409
-223.545056,234,11261.17613
-246.983196,295,11269.910801
-196.339793,166,11274.360735
-279.286039,161,11279.03667
-201.169819,184,11284.277544
-318.397524,230,11289.974445
-179.657701,146,11294.535165
-904.717531,3571,11417.2567
-212.341531,221,11424.08614
-190.390229,166,11428.609731
-164.631885,143,11433.163141
-220.900354,219,11439.391958
-218.632527,198,11444.813028
-240.561349,154,11448.51301
-601.077168,592,11464.132192
-157.098154,115,11467.57813
-415.998394,509,11483.16428
-209.605938,210,11489.242947
-147.35862,88,11491.688784
-829.87275,744,11511.199577
-242.443452,245,11518.671328
-177.058526,134,11522.817899
-700.03208,1034,11554.151868
-120.527672,35,11555.037121
-161.827487,96,11558.016889
-198.392446,189,11563.735708
-196.414939,198,11569.661508
-146.671285,93,11572.420838
-443.254992,527,11588.051516
-440.489596,428,11599.756598
-880.394606,3571,11707.531459
-167.516812,139,11711.696111
-269.334564,275,11720.244765
-364.140238,409,11732.667978
-175.861473,148,11736.837225
-402.186114,331,11746.181599
-321.807435,244,11752.656707
-188.000256,252,11760.347422
-244.037379,278,11768.884002
-182.364138,184,11774.579435
-160.959532,120,11778.152558
-229.506715,173,11783.342513
-530.767611,439,11795.271187
-347.492467,782,11819.012609
-152.734749,88,11821.706237
-487.173855,1476,11869.629879
-1153.499263,1029,11897.452629
-626.13041,591,11913.638847
-188.81585,169,11919.072309
-536.795095,631,11937.710091
-149.749231,102,11940.888777
-385.577958,272,11948.304187
-401.150349,366,11957.592219
-667.305951,773,11978.488702
-559.506276,587,11995.239415
-400.467018,269,12002.486134
-515.443866,540,12017.332264
-268.850466,330,12026.509755
-243.936986,260,12034.530879
-944.902625,1746,12084.459169
-175.879214,153,12088.727484
-206.820347,205,12095.091196
-170.458989,166,12100.216871
-351.335415,569,12116.177732
-269.039558,290,12124.779737
-157.338982,93,12127.560443
-262.645155,328,12137.684115
-135.565118,68,12139.376708
-158.333378,120,12142.746821
-1188.944347,1270,12177.775504
-1400.225981,2099,12239.176132
-186.42445,145,12243.514185
-381.309023,469,12256.12817
-152.472919,111,12259.28298
-239.870658,242,12266.623929
-233.644821,374,12279.209133
-426.479739,337,12287.832552
-447.570665,909,12316.536245
-158.358322,85,12319.072177
-356.454263,559,12335.804815
-189.666405,221,12343.008651
-176.829178,150,12347.417412
-282.553991,262,12355.236107
-163.254412,79,12357.574481
-486.099382,556,12372.883772
-618.18812,1556,12423.223661
-361.227432,360,12433.194863
-484.786772,557,12449.947111
-155.897655,84,12452.427201
-257.163008,310,12461.141445
-788.403069,903,12486.580539
-216.826625,300,12495.45476
-372.977248,273,12503.267546
-244.779285,253,12510.407638
-500.202085,1243,12552.167268
-507.705779,579,12567.932607
-128.151306,43,12569.357217
-322.536107,230,12574.82411
-130.940377,45,12575.783486
-360.080767,718,12600.765396
-198.513151,168,12605.107115
-436.963862,379,12615.574593
-204.094775,185,12621.071877
-634.328012,568,12636.251569
-174.739856,129,12640.02231
-279.222043,199,12645.270519
-201.786182,176,12650.913262
-265.155314,183,12655.945794
-573.587656,1426,12702.764154
-361.694207,331,12712.131931
-617.852362,890,12739.153701
-390.369693,359,12749.571508
-271.431006,244,12756.256336
-282.206867,206,12762.094102
-200.226338,150,12766.559327
-223.225344,198,12772.218457
-312.572843,377,12783.241952
-500.835311,523,12798.156495
-217.091257,174,12803.166665
-291.875459,241,12810.280998
-371.924638,431,12823.285688
-306.020351,247,12830.238539
-126.058973,78,12832.26467
-309.976282,439,12845.82594
-236.821601,564,12864.426033
-148.722644,111,12867.610554
-278.475756,229,12874.576512
-492.971494,404,12884.857342
-289.046742,265,12892.059175
-203.640566,280,12901.27836
-361.943093,282,12908.73077
-478.758182,464,12921.457541
-1226.510863,1126,12950.553582
-735.194157,807,12972.564808
-213.31365,137,12976.053837
-265.8862,196,12981.433638
-295.434909,351,12992.375682
-119.975203,34,12993.181542
-119.976225,34,12994.58937
-303.959429,275,13001.662904
-690.135832,751,13021.970625
-244.683014,538,13040.235005
-700.268014,619,13055.743613
-178.48427,109,13058.862242
-513.453104,425,13070.522352
-175.514592,135,13074.317498
-585.648368,483,13086.943624
-360.124985,343,13096.717808
-252.652712,363,13108.470634
-413.340822,3571,13211.031675
-189.230148,101,13213.867045
-621.313093,948,13243.445215
-135.78806,69,13245.448262
-276.511275,184,13250.352205
-301.755121,237,13256.122985
-129.797388,45,13257.094247
-338.587972,222,13263.314707
-936.038028,789,13284.225315
-327.268423,228,13290.414506
-390.372134,890,13319.84125
-180.832762,157,13324.157817
-1225.179758,1043,13351.76698
-298.042676,249,13358.441411
-200.013043,271,13367.42102
-321.572879,256,13374.495276
-121.838517,36,13375.340403
-121.838517,36,13376.165858
-122.183369,37,13377.502074
-159.761223,129,13381.219123
-380.961313,280,13388.760944
-481.269471,633,13408.28109
-311.928266,262,13415.72262
-185.089546,152,13419.78298
-145.125177,74,13422.247322
-122.852804,39,13423.327532
-350.066095,521,13439.337902
-182.039937,163,13444.01013
-123.636698,41,13445.537073
-200.399504,179,13450.27226
-247.110415,322,13460.933746
-145.846742,120,13464.775868
-185.566005,159,13469.327524
-224.086043,272,13477.411695
-263.685522,209,13482.697644
-169.093348,136,13486.939059
-173.149792,140,13490.703109
-122.865456,36,13491.60429
-122.849655,36,13493.076984
-187.627188,274,13501.433195
-511.097865,409,13512.307565
-229.432437,222,13519.253823
-236.363358,284,13528.049755
-175.93732,146,13532.024113
-128.504081,45,13533.128015
-166.692395,122,13537.356957
-964.494724,876,13560.015922
-149.774949,90,13562.847348
-428.725593,432,13575.355965
-184.387105,162,13580.21031
-237.670385,301,13589.386547
-146.03065,91,13592.107471
-144.254169,97,13595.195995
-200.477892,184,13600.682966
-452.937961,477,13613.789435
-994.24047,3571,13734.986953
-177.06652,162,13740.131144
-163.910592,123,13743.564374
-187.309047,191,13749.38923
-154.875921,107,13752.635892
-158.727402,123,13756.944076
-285.395681,366,13767.609695
-208.175319,153,13772.385538
-480.707387,1369,13817.941035
-474.050141,447,13830.795009
-184.26124,152,13834.791364
-163.257277,136,13839.201484
-209.297973,129,13842.625386
-160.968111,125,13846.495697
-253.720759,268,13854.371576
-1271.154644,1198,13886.209191
-154.750774,122,13889.918614
-190.797464,166,13894.968593
-174.34397,180,13900.764628
-179.959382,157,13904.961409
-124.333417,39,13906.48653
-213.702301,224,13913.229475
-195.088939,223,13919.695282
-207.849751,243,13927.576621
-191.172871,214,13934.349537
-194.801403,176,13939.080613
-478.552321,487,13952.550961
-420.800627,597,13970.053539
-1106.563337,1812,14022.654604
-148.76859,117,14026.966598
-524.150553,508,14041.870156
-412.410212,368,14052.273657
-751.840141,618,14069.553679
-204.207972,229,14077.113305
-187.644637,188,14082.741899
-618.691983,2263,14146.563029
-143.651242,126,14150.984648
-557.775496,753,14172.179876
-181.716538,167,14177.418983
-180.947081,210,14184.237908
-1281.957842,1342,14221.669017
-148.879829,107,14224.907427
-607.182929,754,14246.999635
-227.426199,213,14252.99776
-197.777923,202,14259.142478
-158.018813,103,14262.148032
-586.15255,1668,14317.248103
-159.135898,126,14320.877373
-161.890556,162,14326.797595
-762.43028,820,14349.410661
-178.588387,205,14355.484355
-177.409494,172,14360.912586
-1055.921461,1699,14413.399691
-277.000658,230,14419.706972
-204.933064,206,14425.607107
-536.71055,451,14437.522677
-261.980896,126,14441.438931
-194.962978,184,14447.353685
-302.878969,253,14453.955021
-154.588007,123,14457.567811
-462.437441,416,14468.938052
-162.592118,159,14474.007365
-179.592221,145,14478.586204
-170.113165,143,14482.662177
-285.716087,194,14487.6124
-941.138188,889,14511.420068
-177.303837,204,14517.734961
-368.552965,451,14530.919806
-184.200089,151,14535.556276
-863.161468,805,14557.210109
-174.054915,178,14563.087356
-188.610717,199,14569.570284
-185.63224,185,14575.114123
-471.276076,355,14584.537973
-431.656102,639,14603.536638
-399.158382,383,14614.30614
-175.877154,155,14619.236378
-150.798318,127,14623.190136
-293.7329,289,14631.551107
-519.460934,904,14658.582099
-191.443359,228,14665.396004
-405.283457,523,14681.214955
-190.74022,174,14686.251167
-121.715976,36,14687.658211
-139.476356,85,14689.909116
-571.372815,493,14702.822351
-668.727758,742,14724.442797
-149.045031,117,14727.917251
-463.844724,489,14741.763806
-835.482514,819,14764.335855
-215.260113,247,14772.36589
-306.041535,351,14782.489148
-214.393546,262,14790.691968
-188.002674,192,14796.410441
-1010.977635,3571,14919.603669
-201.858296,223,14927.136985
-179.455057,151,14931.174595
-540.576769,765,14954.574389
-964.982957,762,14974.075444
-496.038628,552,14989.777763
-278.740815,316,14998.841971
-252.628425,343,15008.79655
-234.805851,287,15017.319089
-429.332345,475,15030.963575
-165.659509,126,15034.444157
-160.201962,126,15038.473846
-170.396611,152,15042.655431
-166.871453,133,15046.323984
-159.76131,104,15049.381623
-174.184239,138,15053.864884
-179.334987,165,15058.420726
-157.865795,117,15062.397615
-433.534224,627,15082.331426
-159.390826,114,15085.642312
-215.370155,194,15091.418545
-161.391578,118,15094.592829
-501.635827,572,15111.246885
-226.010872,209,15117.39788
-163.9194,125,15121.004893
-288.011056,247,15128.232556
-161.319879,136,15132.008604
-260.502805,453,15146.895657
-175.580715,148,15151.199875
-232.478779,183,15156.296205
-209.806122,334,15166.67544
-166.522313,137,15171.069374
-186.799309,178,15175.906302
-144.199497,85,15178.557323
-125.295749,42,15180.112015
-162.121837,120,15183.486019
-163.821143,111,15186.795407
-520.735899,567,15202.79884
-401.065099,354,15211.981769
-172.378812,131,15216.273835
-169.356222,157,15220.843552
-115.962284,26,15221.471138
-116.162373,27,15222.679432
-669.131416,621,15239.489436
-138.783308,61,15240.940588
-178.363643,162,15246.283983
-421.281968,322,15254.443734
-147.80251,80,15256.806329
-168.480036,122,15260.128696
-159.433056,151,15264.932924
-153.466216,111,15268.050009
-172.70115,147,15272.072671
-188.753406,201,15277.936617
-353.015142,314,15286.961466
-200.30618,213,15293.392288
-192.885882,239,15301.113358
-177.947088,191,15307.404431
-258.26754,220,15313.14611
-400.511776,886,15343.236329
-149.861874,115,15346.632233
-152.078807,91,15349.485844
-208.37292,238,15356.480826
-143.152993,75,15358.752557
-424.70697,298,15366.450498
-573.026672,474,15379.154651
-287.617151,300,15387.980975
-391.625315,411,15399.224795
-401.922147,273,15406.194937
-597.807344,2155,15477.463515
-174.009363,156,15482.591365
-157.885425,125,15486.175902
-226.04554,292,15495.09375
-204.121658,141,15498.826812
-655.866758,2057,15568.29099
-142.397633,76,15570.596732
-176.620975,161,15574.946889
-251.338905,306,15583.97051
-1018.673947,1296,15620.667578
-141.609139,76,15623.02513
-230.035981,282,15631.683799
-184.034588,152,15636.31498
-398.379964,367,15646.47076
-233.650142,150,15650.943069
-161.265165,136,15655.386363
-304.303189,282,15663.436452
-335.707696,360,15673.224406
-1115.181168,3571,15794.348579
-326.714655,291,15802.797332
-150.77085,110,15806.260668
-283.736888,173,15811.102808
-812.74104,3571,15936.301063
-180.163039,153,15940.470953
-887.373964,3276,16049.382308
-172.327428,157,16053.812938
-168.439015,147,16058.606569
-190.46553,177,16064.022778
-188.652546,118,16067.524834
-168.475023,137,16071.451567
-172.98795,141,16075.993229
-197.895002,206,16082.020788
-964.278893,908,16106.099858
-125.345667,39,16107.070107
-125.311878,39,16108.631721
-126.307643,40,16109.5722
-126.307643,40,16110.544101
-399.84623,435,16123.001954
-592.812212,563,16137.619743
-193.608362,165,16142.754704
-162.660796,130,16146.483669
-186.524525,159,16151.244392
-837.507573,3571,16273.050265
-260.945543,327,16282.639447
-602.656835,1916,16346.697504
-580.504294,602,16362.95007
-194.382178,348,16375.334308
-853.421509,991,16404.220945
-217.636744,255,16412.227048
-123.535568,36,16413.206555
-124.700028,35,16414.482034
-424.555983,578,16432.181143
-178.229653,137,16436.225006
-193.612906,149,16440.019186
-243.643959,287,16448.406185
-192.01636,166,16453.400908
-271.851112,254,16460.121808
-197.505169,145,16464.542919
-164.771417,127,16468.246029
-186.228756,152,16472.789195
-264.814091,335,16482.576478
-400.507166,374,16493.582842
-494.587124,737,16514.577158
-218.48334,182,16520.095922
-803.801217,1362,16561.252318
-158.532558,114,16564.685136
-215.876509,222,16570.949178
-164.957437,128,16574.54137
-170.914632,139,16578.975652
-203.313435,189,16584.787155
-193.610031,155,16588.966064
-183.482425,142,16592.760226
-180.891076,146,16597.170587
-778.35066,929,16623.946425
-280.693118,3571,16740.200289
-698.263219,1248,16778.638667
-147.821802,198,16784.646937
-186.370125,170,16789.902968
-162.717599,110,16793.13984
-560.31304,504,16807.140723
-807.068552,3571,16932.063927
-242.933136,239,16939.050665
-191.851024,175,16944.559171
-202.164261,214,16950.973782
-251.452412,259,16958.937399
-203.253135,223,16965.52831
-162.333493,137,16969.584269
-196.422146,177,16975.403583
-276.15469,374,16986.889201
-181.130829,148,16990.986183
-241.250106,359,17002.85709
-223.152217,294,17012.332016
-183.556826,177,17017.596398
-219.015403,272,17025.513839
-274.060464,189,17030.501621
-699.687214,874,17055.458916
-322.747914,484,17069.387882
-229.479193,290,17078.188704
-171.519173,133,17082.193565
-241.369565,275,17090.20464
-889.543264,3571,17216.610943
-126.860823,75,17218.648796
-186.60654,187,17224.330452
-456.216753,437,17237.597186
-157.65952,142,17241.802229
-889.043807,3571,17367.477926
-605.480523,947,17395.841849
-204.765367,265,17404.694399
-544.911425,1098,17440.420096
-228.545051,360,17451.520273
-351.998595,791,17477.791335
-157.384368,118,17481.252998
-171.078729,167,17486.681233
-248.113772,333,17497.048698
-251.916055,365,17508.343395
-656.881936,928,17535.102399
-449.62884,499,17549.246336
-392.238731,517,17565.613628
-151.738248,123,17569.371821
-315.66689,516,17585.659444
-997.161572,3094,17680.775481
-371.472075,489,17695.032015
-193.693459,195,17701.345767
-995.544772,1394,17741.008506
-260.734966,352,17751.66195
-197.212188,115,17754.711813
-926.560149,3571,17880.699623
-186.941988,153,17885.563123
-325.335773,397,17897.906317
-547.013957,863,17923.859096
-496.631206,2322,17998.406133
-149.807383,77,18000.861882
158.713936,3571,18119.074147
-347.47243,1017,18154.795015
-406.133164,373,18165.324267
-181.598304,147,18169.268951
-926.503329,3571,18289.606845
-296.176853,473,18305.103223
-392.910574,501,18320.309701
-188.703048,166,18324.811106
-1363.542025,1637,18371.836701
-124.284304,36,18372.80835
-124.284304,36,18373.720664
-438.85148,1414,18422.821026
-159.643755,141,18427.238797
-493.155208,641,18445.791725
-237.643397,326,18456.558912
-297.7248,430,18469.89156
-511.334228,1160,18505.195045
-178.105833,152,18509.379267
-433.900037,1051,18544.039467
-216.870645,282,18552.311089
-197.975551,197,18558.258956
-173.302488,111,18562.067094
-177.164358,133,18565.701224
-177.384872,132,18569.303988
-318.1884,440,18583.129971
-269.772578,348,18592.810538
-335.690324,487,18608.074125
-275.771674,203,18613.780513
-231.883246,300,18623.459117
-173.717099,111,18626.720744
-379.760802,339,18635.590709
-248.686878,282,18643.974858
-167.213635,127,18648.143886
-177.631192,159,18652.66888
-178.48174,149,18657.289922
-710.04304,1263,18694.722792
-166.066499,121,18698.105819
-862.283136,2408,18779.383561
-193.282274,178,18784.443582
-183.401524,155,18789.441967
-232.322242,268,18797.954028
-165.484899,134,18802.091058
-156.597518,116,18805.697885
-243.872482,328,18815.819052
-169.051674,157,18821.068059
-180.188551,128,18824.61353
-178.340961,150,18829.147295
-204.823685,176,18833.974117
-190.904,183,18839.64989
-183.168865,134,18843.752329
-166.848602,136,18847.924898
-381.580494,636,18867.495407
-236.09707,332,18878.21184
-604.455309,1070,18911.333882
-634.104021,867,18937.347942
-622.475568,994,18966.3941
-863.993836,3571,19090.823035
-241.709533,219,19097.202377
-189.69494,185,19102.995051
-246.963248,339,19112.791037
-342.630366,454,19126.723768
-233.899111,213,19132.797307
-611.710483,991,19163.492915
-582.682915,1033,19192.070699
-321.349943,429,19204.215205
-202.526977,243,19212.468699
-1037.035392,1262,19246.572456
-262.440634,245,19254.004544
-282.023482,503,19270.71216
-240.953944,311,19280.935256
-1017.554882,3571,19403.272786
-713.109797,1067,19435.402422
-181.526856,139,19439.903541
-139.358979,87,19442.521213
-239.76164,225,19448.712049
-188.313347,169,19453.853712
-468.63487,665,19473.531833
-309.184998,245,19480.357849
-186.470714,144,19484.264066
-529.947605,819,19507.536547
-604.598092,528,19522.357255
-123.039174,39,19523.315752
-123.039174,39,19524.394711
-123.045791,39,19525.986428
-508.64549,1223,19563.390876
-390.233762,588,19581.097352
-758.821795,985,19610.060883
-271.652212,340,19619.548213
-160.674153,123,19623.363874
-599.733841,812,19644.703434
6.621779,3571,19761.092849
-516.305884,675,19779.669677
-561.127585,925,19806.105007
-273.585524,227,19812.241703
-473.405775,422,19824.32321
-247.280167,308,19833.85717
-394.497707,321,19842.652469
-368.567238,514,19857.615622
-1856.60632,3571,19950.093881
-1580.19086,2794,20021.204074
-156.609371,69,20022.813313
-1941.782007,3571,20112.793468
-250.229436,311,20122.384747
-348.097756,591,20141.952217
-706.48229,3571,20253.045915
-349.23987,510,20269.524499
-398.615858,495,20284.300477
-409.991143,704,20307.378949
-263.327561,340,20317.984545
-399.383439,540,20334.488871
-318.105025,235,20340.598431
-162.226576,154,20345.820318
-1916.088692,3571,20443.265374
-304.984097,428,20457.156
-1783.057502,3571,20569.154256
-1268.336789,1548,20613.530904
-182.232005,165,20618.645913
-1205.102141,1512,20660.995605
-303.000189,454,20675.406103
-1169.041532,1716,20726.924557
-348.068668,371,20737.954541
-249.953945,295,20747.112373
-1674.854488,2850,20823.059224
-299.17512,455,20837.711853
-393.781274,391,20848.708299
-1539.018412,2731,20925.957242
-879.432599,1350,20963.089043
-376.459892,341,20972.333782
-1040.378133,990,20998.936878
-791.530473,965,21028.188118
-578.026865,534,21043.155134
-718.869916,703,21061.766893
-184.414401,149,21066.463842
-1748.818573,3571,21169.958874
-389.240389,432,21183.619766
-388.847758,541,21200.131643
-499.290681,567,21216.47945
-159.235454,159,21221.429708
-677.539572,718,21240.616167
-245.975246,281,21249.666949
-182.463543,167,21255.295497
-850.246364,1359,21295.020404
-909.784932,1252,21331.238509
-308.704072,280,21339.442307
-153.646182,136,21343.239367
-2149.870844,3571,21434.940123
-144.195748,110,21438.582653
-1005.156175,1421,21474.563878
-890.223265,906,21499.195753
-307.785176,336,21509.645254
-485.824418,505,21523.701662
-250.3428,329,21534.088504
-243.759368,220,21540.27709
-707.397081,3571,21654.520221
-773.252112,1004,21683.533536
-394.025752,521,21699.135842
-486.806385,899,21726.700814
-1166.908164,1912,21778.12416
-391.189826,374,21788.930368
-419.624929,559,21806.693749
-295.158467,407,21818.472322
-587.193083,1284,21858.86052
-124.991699,40,21860.385261
-129.526363,52,21861.656389
-581.737625,545,21876.923824
-123.936457,43,21878.003187
-123.492632,42,21879.480608
-328.839772,574,21896.761961
-431.243673,600,21914.657461
-252.780304,332,21925.847808
-464.181007,355,21935.371586
-298.808973,418,21948.129195
-599.444868,883,21974.7263
-415.748853,674,21995.505844
-589.587073,691,22015.605504
-637.124698,1024,22045.436854
-1750.404477,2985,22127.276399
-319.188028,540,22144.464221
-1045.999818,2204,22209.238512
-234.439207,281,22218.146629
-324.442721,467,22232.525801
-248.876379,269,22240.719933
-443.970575,461,22253.958538
-502.036797,875,22279.919017
-1165.48371,1342,22316.584222
-242.695877,263,22324.84642
-594.62132,941,22353.252992
-123.621196,44,22354.808239
-123.621196,44,22356.00316
-121.982493,39,22357.537779
-370.716017,283,22365.298345
-1627.77602,2778,22444.316832
-1058.657962,3100,22548.676248
-351.251824,376,22559.892388
-421.787634,567,22576.92086
-240.487038,319,22586.532727
-308.897502,668,22609.865061
-1746.775855,2806,22692.607272
-1933.769707,2559,22763.899037
-374.806128,379,22774.536359
-1436.738732,1342,22810.798342
-168.382761,186,22816.64449
-199.021095,270,22825.399876
-1122.954074,1167,22857.816903
-192.062345,172,22862.422752
-945.33691,3571,22983.469808
-401.280554,467,22997.406574
-962.860071,3571,23117.955193
-1014.489791,1293,23154.258107
-1194.284901,1845,23207.374733
-962.818112,3571,23325.147017
-332.784662,374,23334.799586
-1487.866428,1580,23378.07924
-408.554284,569,23395.094135
-721.219258,752,23415.260409
-1030.400259,915,23439.578627
-936.104701,3571,23557.316008
-507.801682,693,23577.581371
-424.959979,608,23593.337171
-959.243509,3571,23707.805446
-609.046111,628,23724.547916
-124.650549,38,23725.883268
-627.832456,1019,23754.40694
-244.980249,402,23766.499631
-1398.871212,2230,23829.001856
-362.053333,359,23839.312848
-181.218549,145,23843.056659
-464.539317,806,23866.928229
-488.854404,439,23878.396818
-877.281133,3571,23995.224865
-630.204292,765,24016.176025
-333.72895,490,24030.315515
-1057.181793,3571,24142.801349
-206.559218,258,24150.069932
-579.551265,447,24161.356903
-120.299095,34,24162.045722
-120.299095,34,24162.749226
-120.316571,34,24164.059958
-961.925514,931,24187.452195
-1045.17128,3284,24288.150885
-329.762889,398,24299.222717
-776.340327,3571,24413.599634
-125.635987,40,24414.916627
-125.635987,40,24415.755914
-815.382015,1176,24445.686296
-132.516695,61,24447.646547
-525.760964,835,24469.734012
-2264.446297,2423,24527.82025
-121.124658,36,24529.16275
-122.798041,37,24529.998491
-122.798041,37,24530.760074
-120.111543,32,24532.028063
-125.142162,42,24532.95647
-125.142162,42,24533.862606
-292.245401,303,24542.684448
-125.972744,41,24543.577142
-125.972744,41,24544.455908
-921.871116,3571,24658.199413
-1297.931419,3571,24766.990019
-142.154763,104,24770.112599
-183.944902,262,24777.939286
-470.968082,396,24787.886013
-125.017059,41,24789.297216
-583.273355,1061,24819.156503
-309.030161,595,24836.520494
-1249.693512,1428,24874.176066
-525.404157,731,24894.364865
-609.558098,970,24921.993771
-176.264441,215,24928.105327
-340.16849,660,24947.210079
-121.912338,36,24948.610903
-122.678293,37,24949.476689
-122.678293,37,24950.343227
-1159.467056,2942,25039.890116
-792.49799,1842,25094.33458
-193.441078,202,25100.213347
-476.257074,483,25112.889198
-232.183947,193,25118.089458
-120.414861,35,25118.88762
-504.287138,803,25140.67131
-198.977567,150,25145.257353
-401.127885,770,25167.42244
-949.25539,1251,25201.867472
-555.121224,760,25222.68786
-498.45353,589,25238.602221
-309.100979,252,25245.240063
-898.354376,1221,25277.823267
-632.626181,681,25295.784832
-1788.142626,3206,25375.12162
-1912.756837,3571,25462.703297
-419.161004,704,25483.171205
-713.619511,682,25500.757966
-215.20741,270,25508.390246
-472.907071,509,25521.370263
-146.748854,116,25524.721764
-1983.898547,3571,25612.953696
-340.463878,515,25626.961107
-276.70515,301,25635.144817
-328.487612,665,25653.713988
-267.180778,367,25663.976773
-123.613614,43,25664.977806
-706.206633,960,25690.733824
-172.784689,204,25696.968723
-1215.18174,3571,25804.355146
-179.708105,192,25809.877935
-740.040201,1082,25840.091007
-790.89528,3571,25953.116247
-125.367572,42,25954.526122
-616.76199,882,25977.469599
-204.007235,328,25987.291463
-411.733464,692,26006.997055
-118.933776,33,26007.710939
-118.933776,33,26008.46361
-119.389213,33,26009.736741
-387.660551,338,26018.535306
-190.227346,143,26021.918375
-287.963891,214,26027.755899
-249.584917,253,26034.087819
-612.462864,829,26057.496108
-301.27652,302,26065.345151
-944.408497,1071,26094.165696
-423.990784,499,26107.875062
-529.453318,772,26129.171363
-150.772246,93,26131.749452
-244.072042,343,26141.442287
-217.914377,210,26147.081916
-668.55015,720,26165.424628
-189.613233,141,26169.026778
-1020.425162,1387,26205.417814
-123.067688,43,26206.384589
-794.502074,3571,26319.893972
-457.770359,516,26333.29822
-599.566658,620,26349.566694
-388.629978,391,26359.60299
-1093.708813,1617,26402.290965
-972.962936,2294,26471.994914
-331.40057,319,26480.680787
-651.201991,1076,26511.178237
-170.64262,205,26517.012732
-133.004026,58,26518.749064
-514.815781,1107,26552.346671
-124.724725,42,26553.293729
-129.524734,55,26555.010297
-348.487123,421,26566.3395
-169.602999,186,26571.753628
-538.607606,543,26585.746273
-651.001496,1474,26627.794245
-653.308427,861,26650.875355
-927.969094,1307,26685.433282
-123.743721,42,26686.398981
-565.141302,518,26699.87607
-377.314676,382,26710.449615
-128.867925,57,26712.303479
-450.764337,812,26734.6261
-509.066597,614,26751.203726
-131.697637,62,26753.087595
-126.244547,42,26753.937982
-126.244547,42,26755.383749
-785.481856,877,26778.695981
-609.885957,841,26801.496735
-1029.888539,1345,26837.044952
-130.99295,58,26838.804646
-358.252019,433,26850.261353
-851.932199,848,26871.964323
-527.864723,478,26883.715413
-384.474585,1103,26916.760875
-210.90229,139,26920.583508
-153.079526,96,26923.268387
-187.236634,107,26925.829962
-432.34325,434,26936.936428
-131.232561,58,26938.760543
-676.034625,1066,26968.750248
-139.274958,121,26972.396294
-584.775319,552,26986.612524
-170.811008,141,26990.96109
-411.677851,498,27004.353415
-190.393345,110,27006.910914
-128.63328,62,27008.246013
-128.630908,61,27010.056543
-490.175282,591,27026.233758
-129.641974,58,27027.533736
-123.121557,42,27028.862325
-275.756637,263,27035.736748
-807.249026,1457,27076.467687
-127.222272,46,27077.465005
-316.92394,328,27086.684545
-681.361679,664,27103.336336
-201.292586,141,27107.322836
-1816.536547,2505,27172.884889
-258.717646,221,27178.797456
-389.495048,2308,27252.182682
-504.967748,974,27280.951546
-527.952099,482,27293.504591
-764.674389,1228,27326.968812
-186.778136,116,27330.001923
-503.864137,673,27347.793298
-131.058723,59,27349.044332
-147.769022,86,27351.444611
-358.28455,392,27361.443001
-123.689125,42,27362.78052
-193.420555,144,27366.520704
-359.898843,357,27375.853743
-239.523999,185,27380.252089
-334.24394,250,27386.830827
-195.397026,525,27401.924892
-655.421915,3571,27514.846678
-125.971285,58,27516.602526
-495.518334,556,27530.76022
-992.496242,1241,27562.722986
-379.186927,424,27574.285319
-205.561479,207,27579.858769
-308.144516,357,27588.458894
-926.988382,1144,27618.454584
-895.598205,773,27637.737079
-226.223915,173,27641.622498
-647.464617,3571,27754.392619
-657.284661,3571,27866.672408
-1320.453299,3020,27953.483299
-189.210529,191,27958.806932
-687.302812,3571,28066.738701
-225.917819,335,28076.28818
-1075.003952,2910,28159.91345
-158.855713,184,28165.183084
-1892.0994,3390,28242.53672
-130.710679,58,28243.713243
-2041.911151,3067,28315.402797
-887.353127,3571,28416.665359
-229.44137,196,28421.785807
-124.647584,55,28422.929984
-124.098226,54,28424.476397
-706.090343,921,28447.80503
-121.593617,42,28448.654888
-237.913438,330,28457.955805
-297.914426,367,28466.846724
-765.199076,3571,28567.363181
-626.519431,833,28587.299609
-160.657554,115,28590.215633
-937.999919,3571,28679.750065
-756.396905,3571,28772.612354
-353.654494,459,28783.156493
-218.795761,171,28786.710677
-127.280681,55,28788.142711
-167.875393,158,28791.565815
-123.236174,41,28792.765025
-123.921512,42,28793.485144
-123.929689,42,28794.655542
-127.046167,57,28795.688184
