#{"t_start": 1594004864.4046943, "env_id": null}
r,l,t
-3778.005014,7142,25.98618
-5440.628132,7142,48.432725
-4605.78187,7142,69.725667
-8287.127895,7142,92.264298
-10806.670355,7142,114.75357
-5735.155716,7142,136.250083
-8127.175749,7142,157.162303
-4903.6936,7142,178.723067
-5564.072885,7142,200.635537
-8520.249624,7142,222.176212
-9720.800134,7142,244.860938
-5499.036977,7142,266.715324
-9701.861196,7142,290.079891
-5861.932851,7142,311.710781
-4220.955805,7142,333.187673
-6285.795753,7142,354.640119
-5443.467223,7142,376.015474
-7696.518924,7142,398.368165
-6458.542916,7142,419.441443
-4407.769529,7142,442.014656
-5871.089785,7142,463.358472
-7049.23813,7142,484.86995
-6162.440804,7142,506.378874
-5548.519657,7142,528.082714
-5773.845,7142,549.65327
-5083.981496,7142,570.726513
-7218.710702,7142,593.214215
-6594.042301,7142,614.94645
-6781.427781,7142,636.442552
-6547.772881,7142,657.973108
-7151.41226,7142,680.341196
-6321.753166,7142,702.142332
-9808.392143,7142,725.07453
-6200.478752,7142,746.860262
-7234.72795,7142,770.196513
-5662.478126,7142,791.867553
-7163.39716,7142,814.658015
-5453.365644,7142,836.778703
-6700.270646,7142,858.608629
-5553.857213,7142,880.971293
-4631.988161,7142,902.478213
-5348.816341,7142,923.805616
-5250.776925,7142,945.057048
-5064.917502,7142,966.637231
-5491.620276,7142,988.393202
-6891.559745,7142,1011.234393
-6845.534808,7142,1032.928479
-5321.372169,7142,1054.466777
-6678.27111,7142,1076.983672
-4953.835413,7142,1097.952249
-5958.372917,7142,1119.590826
-6758.470312,7142,1141.830894
-6931.884035,7142,1163.244064
-5985.351428,7142,1184.954187
-5561.706237,7142,1207.075825
-5179.772062,7142,1229.580844
-5781.86204,7142,1251.59726
-5460.282331,7142,1273.067545
-5491.841923,7142,1295.38306
-5407.478906,7142,1317.032959
-6101.174469,7142,1338.164041
-6080.458366,7142,1359.643945
-6359.834593,7142,1381.429785
-5065.047262,7142,1402.527234
-8864.268903,7142,1426.098919
-5698.528745,7142,1446.893771
-5319.736621,7142,1469.226209
-6832.49171,7142,1491.044198
-8694.060851,7142,1513.437123
-6176.883004,7142,1534.80019
-5890.197481,7142,1556.249069
-6208.789707,7142,1577.81982
-6852.446548,7142,1599.262564
-6188.074742,7142,1620.81615
-8223.002128,7142,1642.467665
-5842.469842,7142,1664.397264
-5750.305611,7142,1686.502366
-6630.549025,7142,1708.163584
-7059.504077,7142,1729.940981
-7825.029114,7142,1752.674896
-8236.801862,7142,1775.004418
-7922.961003,7142,1798.167126
-5494.680848,7142,1819.986653
-8850.87679,7142,1841.910429
-7178.802621,7142,1863.326822
-6299.620562,7142,1884.915172
-8469.933367,7142,1907.540225
-6368.992328,7142,1929.519057
-7314.033548,7142,1951.185533
-5020.730371,7142,1973.267042
-7739.411987,7142,1996.345073
-6335.43765,7142,2017.568453
-5821.188436,7142,2038.816466
-7505.932891,7142,2060.135832
-6485.603686,7142,2082.376286
-8380.826135,7142,2104.881115
-5786.384182,7142,2126.70838
-7924.644967,7142,2149.336771
-7763.464679,7142,2170.912189
-5618.414238,7142,2193.124799
-5851.298734,7142,2214.83756
-7331.366649,7142,2235.831809
-6647.570596,7142,2257.016773
-6231.771004,7142,2278.916659
-7000.444062,7142,2300.355296
-6931.742205,7142,2322.22993
-6273.570581,7142,2343.744957
-8290.381098,7142,2366.395096
-6409.716136,7142,2388.317874
-7573.959038,7142,2410.334107
-7882.164643,7142,2433.194174
-8206.661161,7142,2454.062408
-8936.868386,7142,2476.434586
-5565.474891,7142,2498.785336
-6645.073581,7142,2520.509183
-6670.308853,7142,2543.204028
-7144.250317,7142,2564.871977
-6108.192868,7142,2587.188265
-9537.317266,7142,2609.622832
-8091.092615,7142,2632.837549
-6721.789325,7142,2654.543966
-7148.382572,7142,2676.741197
-7475.44802,7142,2698.185173
-7067.556292,7142,2720.256308
-7660.857908,7142,2743.095842
-6472.029624,7142,2765.098285
-6380.033842,7142,2786.759673
-5716.024156,7142,2808.672295
-5048.529343,7142,2831.727534
-6193.564363,7142,2853.095737
-7705.13719,7142,2875.852156
-9521.726764,7142,2898.488852
-6563.831756,7142,2919.865161
-8503.854196,7142,2942.518464
-6568.519448,7142,2964.065872
-6997.45786,7142,2985.591115
-7605.214564,7142,3007.455714
-6958.458789,7142,3028.964495
-6661.398131,7142,3050.820438
-6627.460443,7142,3071.835396
-6367.996498,7142,3093.497308
-5813.045334,7142,3115.316363
-6773.404268,7142,3136.833106
-7472.2226,7142,3157.961925
-8533.523734,7142,3180.558355
-7060.828628,7142,3201.914332
-6368.294008,7142,3223.967143
-7033.273148,7142,3245.549811
-6414.531979,7142,3267.283643
-6959.15126,7142,3288.441592
-8391.76578,7142,3310.961759
-7866.464439,7142,3333.735893
-7382.78282,7142,3355.396928
-6890.693987,7142,3376.653842
-6785.708908,7142,3398.693653
-6230.38688,7142,3420.280909
-9467.341035,7142,3442.628484
-7297.583093,7142,3464.130496
-9015.098645,7142,3486.431348
-9039.141413,7142,3508.809968
-6488.686709,7142,3531.210499
-5873.571443,7142,3553.186723
-6845.224379,7142,3574.477143
-6813.01796,7142,3596.730526
-7060.871201,7142,3618.572847
-6166.265592,7142,3639.804455
-9222.000567,7142,3663.444366
-10302.603823,7142,3685.978619
-6908.032566,7142,3707.479028
-7380.356656,7142,3729.759329
-8508.696209,7142,3752.177248
-7289.354904,7142,3773.425396
-7709.512053,7142,3794.747412
-6181.0936,7142,3815.553178
-6781.075676,7142,3836.726657
-6533.322558,7142,3858.194129
-6933.352037,7142,3879.015185
-6721.925278,7142,3899.62301
-7195.954188,7142,3920.839991
-8732.98461,7142,3943.107469
-6184.549231,7142,3963.846304
-5282.336699,7142,3985.949242
-5517.706757,7142,4007.030835
-4494.868343,7142,4029.164079
-5802.157497,7142,4049.642337
-5844.97811,7142,4070.58114
-5507.698648,7142,4090.981642
-5516.937976,7142,4111.846414
-5516.896836,7142,4132.556227
-6306.149288,7142,4152.811479
-4857.396268,7142,4173.412576
-3914.297956,7142,4194.112793
-6043.842999,7142,4214.999955
-4575.205987,7142,4235.412702
-7445.948824,7142,4256.684439
-5666.450725,7142,4276.887649
-3407.437907,7142,4298.292837
-5120.085384,7142,4319.169326
-3576.057235,7142,4340.071481
-3481.178766,7142,4360.437576
-3465.462299,7142,4380.882216
-4115.170325,7142,4401.163439
-4097.248472,7142,4421.872725
-3475.875402,7142,4442.093755
-2071.048503,7142,4462.471099
-2664.632825,7142,4484.046995
-1008.544508,7142,4503.965039
-1558.062447,7142,4524.382817
-1580.419124,7142,4545.270453
-3967.626437,7142,4565.836475
-2966.555584,7142,4587.231254
-4549.48654,7142,4609.184285
-5289.610811,7142,4630.67143
-4306.334772,7142,4652.033569
-6277.766361,7142,4672.628973
-5648.572535,7142,4693.513605
-6872.879633,7142,4715.283489
-6108.962962,7142,4736.90467
-5125.34132,7142,4756.950326
-5295.46617,7142,4777.250634
-7441.198042,7142,4798.909832
-3926.522047,7142,4819.25041
-3825.313377,7142,4839.730243
-7360.742396,7142,4859.738314
-4997.94387,7142,4879.848863
-7231.361318,7142,4901.292552
-5800.807946,7142,4921.590893
-4130.851701,7142,4942.222574
-5165.483458,7142,4962.658615
-3103.240207,7142,4983.902435
-3389.106613,7142,5004.430476
-3944.106457,7142,5025.060229
-4926.552756,7142,5045.298304
-4770.951247,7142,5065.64947
-3405.029794,7142,5086.6478
-4961.715735,7142,5108.203854
-4068.431277,7142,5129.010515
-4670.750327,7142,5149.738405
-3068.491389,7142,5170.442114
-4045.858005,7142,5191.097205
-5768.826202,7142,5211.693492
-5633.518781,7142,5232.423908
-3794.233393,7142,5252.620425
-4961.220268,7142,5273.538725
-2583.154959,7142,5294.868412
-4313.000517,7142,5316.060804
-4097.608639,7142,5337.157061
-6469.598804,7142,5359.134641
-3591.389331,7142,5380.214837
-5830.575773,7142,5402.56681
-5500.367326,7142,5424.200768
-3811.828697,7142,5444.950414
-7165.724854,7142,5467.002626
-3449.099311,7142,5487.962692
-2977.896775,7142,5508.243083
-4115.124355,7142,5528.813387
-3230.529345,7142,5548.822365
-5651.947921,7142,5570.275983
-5060.422601,7142,5591.14606
-4579.726497,7142,5611.43626
-5786.541156,7142,5631.782803
-3228.195249,7142,5651.743476
-3922.43028,7142,5671.510207
-3738.901935,7142,5691.9777
-3843.260228,7142,5711.790936
-3323.016362,7142,5731.508384
-3707.966529,7142,5751.987152
-1991.50754,7142,5772.725856
-4839.105483,7142,5793.423883
-2513.725658,7142,5813.323666
-3848.603154,7142,5834.280999
-2691.893193,7142,5854.651455
-2629.035627,7142,5874.959249
-4392.011909,7142,5894.919037
-2263.098808,7142,5914.746783
-2886.438113,7142,5934.80208
-2462.75188,7142,5955.067094
-2360.9735,7142,5976.171338
-3639.553315,7142,5996.133201
-6398.512046,7142,6016.435459
-2348.390544,7142,6036.644165
-1647.352821,7142,6056.736939
-2459.959819,7142,6077.813981
-2307.6606,7142,6098.180973
-2365.08797,7142,6119.382884
-1903.300145,7142,6139.461944
-1459.1073,7142,6159.710504
-1637.759504,7142,6179.462598
-3040.492068,7142,6199.658597
-1165.401436,7142,6218.787914
-2329.402681,7142,6238.517504
-2566.29152,7142,6258.892177
-1808.247822,7142,6279.477597
-5437.956893,7142,6300.001671
-1063.470418,7142,6320.092331
-745.905043,7142,6339.587795
-1028.525611,7142,6359.994218
-1700.818381,7142,6379.489027
-1223.487102,7142,6398.563537
-1901.935831,7142,6418.804931
-3013.810165,7142,6439.495133
-348.595749,7142,6458.879561
-1319.750181,7142,6478.569332
-1576.683563,7142,6497.95628
-1413.167422,7142,6518.037133
-2102.508409,7142,6537.526562
-1646.959627,7142,6556.774081
-1217.280563,7142,6576.087416
-1009.78489,7142,6595.279486
-960.649229,7142,6614.553999
-617.135334,7142,6633.922447
-690.231739,7142,6653.933996
-1684.154041,7142,6673.371272
-1070.130821,7142,6692.254221
-924.280799,7142,6711.76994
-8209.111349,7142,6732.763977
-2308.245845,7142,6753.287178
-1010.865076,7142,6772.432429
-3443.574329,7142,6793.218899
-1004.08869,7142,6812.952173
-1692.855341,7142,6832.483041
-1528.546008,7142,6853.308519
-1268.497583,7142,6873.143755
-989.039338,7142,6892.646502
-1091.485728,7142,6912.262916
-1747.65255,7142,6932.818573
-1703.613891,7142,6951.862215
-1033.52061,7142,6972.123871
-1589.076658,7142,6992.136191
-785.254872,7142,7011.731816
-3052.052184,7142,7031.949698
-1601.786285,7142,7051.144112
-883.46811,7142,7070.302161
-1883.288486,7142,7089.213193
-745.004123,7142,7108.551705
-2200.079264,7142,7127.961007
-1191.26751,7142,7146.877476
-1729.213916,7142,7165.679179
-1431.239974,7142,7185.8193
-1525.283625,7142,7204.812582
-2088.438931,7142,7223.874126
-6412.275555,7142,7244.54932
286.767787,7142,7263.029156
-1421.693448,7142,7281.650071
-1479.062753,7142,7299.811596
-2155.774026,7142,7319.249905
-823.276109,7142,7337.875141
-1575.470717,7142,7357.601073
-1536.405367,7142,7377.2342
-2648.057327,7142,7396.205663
-804.884105,7142,7415.583396
-1635.567553,7142,7435.676618
-8575.954076,7142,7455.334332
-1040.557303,7142,7473.68615
-1744.152584,7142,7492.076288
-149.299481,7142,7510.574524
-3225.521461,7142,7529.878766
-4058.115395,7142,7548.913021
-5428.225179,7142,7567.786805
-2065.687936,7142,7586.984123
207.2205,7142,7605.662585
-1693.788033,7142,7624.252536
277.594955,7142,7642.940161
-1768.735575,7142,7661.44007
-980.732163,7142,7679.888184
-2336.104065,7142,7699.357153
54.329204,7142,7718.03129
-1982.129862,7142,7736.642096
-6015.132055,7142,7755.824772
-2167.437845,7142,7774.547779
-1497.840426,7142,7794.052678
-580.769166,7142,7813.167531
-3315.31491,7142,7831.229255
-4337.14157,7142,7849.839491
-3343.852665,7142,7868.525143
-5056.903048,7142,7887.954288
-3315.245207,7142,7907.72895
-3322.805185,7142,7926.121958
-763.905657,7142,7944.983814
-2848.756986,7142,7962.889605
-652.746178,7142,7981.768799
-1486.973288,7142,8000.543957
-2393.666435,7142,8018.983291
-2115.803588,7142,8037.48121
-465.559104,7142,8056.202554
-686.58982,7142,8075.068897
-775.324162,7142,8093.76294
-1440.532115,7142,8113.594787
-1777.573999,7142,8132.522154
-2145.129097,7142,8151.835062
-2918.630595,7142,8170.21979
-2535.303531,7142,8189.38468
-574.973026,7142,8208.207652
-4159.582242,7142,8227.691527
-2116.264149,7142,8246.341824
-3839.496875,7142,8264.896288
-3638.005175,7142,8284.14005
-2394.249006,7142,8302.754108
-741.841356,7142,8321.091016
-3109.770066,7142,8339.862467
-554.509984,7142,8358.866807
-2409.209224,7142,8377.250426
622.62304,7142,8396.796972
-2318.726876,7142,8415.510712
-3382.306245,7142,8434.878977
-1981.018078,7142,8453.758414
-806.982308,7142,8472.544659
-1412.346208,7142,8491.384825
-1166.387895,7142,8510.28248
-2407.955842,7142,8529.778444
-1423.384054,7142,8548.345156
-2234.405216,7142,8567.002218
-779.306874,7142,8586.500587
-994.999341,7142,8606.434342
-171.047447,7142,8625.735648
-567.544825,7142,8644.567398
-1017.822398,7142,8663.210874
-2463.531049,7142,8683.06635
-627.25813,7142,8702.333907
-4611.669855,7142,8721.462058
-622.144026,7142,8740.156836
-2026.501804,7142,8758.889452
130.785381,7142,8778.021858
-216.138324,7142,8796.947197
-1951.711355,7142,8815.648493
-995.343676,7142,8833.655404
-1558.848132,7142,8852.417652
-1176.378962,7142,8871.084795
-884.112282,7142,8889.351206
-1219.298847,7142,8908.059401
-1660.033469,7142,8926.664211
-1512.108165,7142,8945.24442
-1688.153438,7142,8963.954611
-2076.824188,7142,8983.444391
-4214.123653,7142,9003.496318
-1596.956752,7142,9022.210313
-756.299229,7142,9040.64057
-1596.937357,7142,9059.220749
-939.66448,7142,9077.258663
-2755.863568,7142,9096.735283
-598.092598,7142,9115.707692
-581.069322,7142,9135.354831
-585.283123,7142,9154.146965
-1705.664138,7142,9172.818312
-1058.144674,7142,9191.398808
-1240.985898,7142,9209.838184
-1439.78599,7142,9228.38507
-1483.21787,7142,9246.38614
-1010.373545,7142,9264.681554
-2376.700035,7142,9282.663127
-1702.967877,7142,9301.090713
-3246.763385,7142,9320.422244
-1528.066809,7142,9338.402665
-1727.653615,7142,9356.7347
-1524.462261,7142,9375.865111
-1964.443039,7142,9394.02052
-1390.154399,7142,9411.836714
-1291.907597,7142,9429.923539
-2175.939672,7142,9449.027494
-2269.40263,7142,9468.293062
-867.635869,7142,9486.414583
-946.577789,7142,9504.373071
-2879.511769,7142,9522.166079
-1376.221198,7142,9540.256892
-1495.083524,7142,9559.385613
-1026.552254,7142,9577.457599
-1708.011766,7142,9595.14377
-758.461484,7142,9613.908678
-557.51509,7142,9632.883396
-2158.687726,7142,9651.866954
-1260.624799,7142,9669.684032
-806.31108,7142,9687.978029
-2482.50004,7142,9706.019484
-735.389296,7142,9725.237829
-1419.191433,7142,9743.820283
-1040.614397,7142,9762.839791
-1035.997068,7142,9780.702376
-1210.265881,7142,9799.149174
-2420.869101,7142,9817.30625
-806.306097,7142,9835.504941
-1768.90873,7142,9854.704979
-935.630499,7142,9873.159923
-1301.090828,7142,9891.308131
-2985.54005,7142,9910.314239
-1092.47415,7142,9928.037438
-1402.900387,7142,9945.936793
-1234.281717,7142,9964.407599
-1678.061262,7142,9982.587965
-1319.121239,7142,10000.620876
-2094.887682,7142,10018.59886
-1590.126574,7142,10037.320498
-974.994442,7142,10055.449295
-1275.289972,7142,10074.721236
-6096.0429,7142,10094.069266
-1128.971837,7142,10112.581322
-1206.580612,7142,10130.422422
-1238.725288,7142,10148.600813
-1479.955865,7142,10166.558263
-1068.504021,7142,10184.676486
-1865.144844,7142,10202.583393
-2196.515069,7142,10220.875737
-2262.302146,7142,10239.793584
-1339.194312,7142,10258.215525
-1169.31807,7142,10275.940357
-982.262768,7142,10294.099952
-1053.456538,7142,10312.165811
-1407.752988,7142,10330.347675
-1798.077206,7142,10348.375238
-1085.98422,7142,10366.554124
-1805.842524,7142,10384.695809
-1265.08267,7142,10403.228143
-2976.105427,7142,10422.255198
-4228.86122,7142,10440.71172
-949.511771,7142,10458.915356
-2623.269282,7142,10477.048701
-2531.171662,7142,10495.311719
-1929.265486,7142,10513.382353
-669.396117,7142,10532.135712
-1697.558252,7142,10550.006103
-279.641907,7142,10568.24593
-3171.482395,7142,10587.317685
-923.806455,7142,10605.559135
-6456.263061,7142,10625.027299
-1207.009204,7142,10642.807429
-1683.27551,7142,10661.625758
-1126.595142,7142,10679.867662
-1251.800518,7142,10699.554719
-3523.659448,7142,10718.516653
-1980.1065,7142,10736.742845
-2328.45152,7142,10754.767742
-594.124148,7142,10773.738754
-2456.483013,7142,10791.572466
-3077.908186,7142,10810.833888
-1435.582348,7142,10828.803033
-2291.336842,7142,10846.940278
-777.546413,7142,10864.824841
-669.637773,7142,10882.924035
-825.632931,7142,10900.825567
-2057.458073,7142,10919.683127
-359.366927,7142,10937.993161
-1335.578205,7142,10956.093133
-2139.198271,7142,10974.341409
-3183.309405,7142,10993.278269
-1126.324807,7142,11011.148549
-1477.927769,7142,11030.267781
-1071.196602,7142,11049.646397
-1006.034861,7142,11067.720373
-1494.150504,7142,11086.810324
-996.721321,7142,11104.903322
-533.315352,7142,11122.996775
-1439.612643,7142,11141.177711
-1034.63031,7142,11159.282537
-369.338805,7142,11177.511207
-1321.255513,7142,11195.399403
-591.133531,7142,11213.502923
61.627672,7142,11231.813956
-333.132261,7142,11250.120756
-324.946425,7142,11267.981339
-563.530777,7142,11286.94197
-857.430708,7142,11305.558353
-856.9104,7142,11323.723454
-873.917778,7142,11342.186505
-731.408294,7142,11360.509508
-772.295985,7142,11378.921636
-703.552445,7142,11397.288965
-683.921109,7142,11416.669833
-1085.934891,7142,11434.529634
-2292.905723,7142,11453.524332
-1238.781533,7142,11471.84712
-2901.381645,7142,11490.22541
-1667.344826,7142,11508.597373
-2925.972362,7142,11527.113001
-796.273274,7142,11544.96756
-771.038337,7142,11562.937301
-12.098217,7142,11582.19827
-906.506754,7142,11601.525094
-2751.342415,7142,11619.689756
-830.050452,7142,11637.411392
-39.116384,7142,11655.194808
-1060.244409,7142,11673.051161
-1994.643038,7142,11691.501394
-899.639267,7142,11710.17246
-592.221063,7142,11728.136598
-1187.345141,7142,11746.301652
-436.529018,7142,11764.394414
-1685.303637,7142,11782.687392
-749.440555,7142,11800.752648
-462.7804,7142,11818.717964
-894.271836,7142,11837.164103
-1204.788371,7142,11855.324028
-208.842656,7142,11873.297079
-785.534429,7142,11891.594547
-2117.377013,7142,11910.115918
-81.030972,7142,11928.260609
-538.673489,7142,11946.373085
-801.73725,7142,11965.326461
-462.188332,7142,11983.095966
-734.9211,7142,12001.798506
-1927.68289,7142,12019.774483
-922.931122,7142,12038.749684
-704.086594,7142,12056.851308
-1220.341867,7142,12076.255938
-3007.665218,7142,12094.031565
-1740.618466,7142,12112.228949
-1112.502804,7142,12130.556482
-1002.220959,7142,12148.146255
-1179.509424,7142,12166.08833
-1266.918069,7142,12184.088753
-2309.132401,7142,12202.164186
-3011.315929,7142,12220.593591
-3330.513814,7142,12238.683845
-853.42092,7142,12257.72638
583.973384,7142,12277.274449
-1289.179234,7142,12295.742596
-64.720746,7142,12314.874369
-360.605681,7142,12332.922644
-1275.902288,7142,12352.171895
-1642.850304,7142,12370.12366
-983.765502,7142,12389.274777
-1535.570574,7142,12407.574399
-1990.446661,7142,12426.433398
-1810.656827,7142,12444.62756
-1985.404933,7142,12462.837515
-1270.31474,7142,12480.98658
-997.161409,7142,12499.862285
-1095.934735,7142,12519.026008
-3004.019775,7142,12536.915058
-2069.032854,7142,12554.841558
-1289.171756,7142,12573.045874
-2852.26253,7142,12591.022421
-2241.211598,7142,12609.099425
-2029.912799,7142,12627.371906
-3120.262256,7142,12645.42384
-1620.716126,7142,12664.309798
-459.321672,7142,12682.275711
-2145.141016,7142,12700.432705
-1939.149694,7142,12719.422858
-2499.001926,7142,12737.509815
-2584.383991,7142,12756.17013
-1167.605849,7142,12774.98626
-2767.428209,7142,12793.091502
-1706.442296,7142,12812.276478
-1084.055729,7142,12830.297399
-1560.81788,7142,12849.052014
-921.613266,7142,12867.254327
-1487.640192,7142,12886.343198
-892.995095,7142,12904.523379
-1475.744014,7142,12922.971178
-1562.187353,7142,12941.996625
-848.819772,7142,12960.961675
-1123.383343,7142,12979.187298
-2199.902571,7142,12997.346961
-1831.361049,7142,13015.169814
-1702.394988,7142,13032.95452
-7742.818225,7142,13052.123287
-2633.203651,7142,13070.223275
-1032.452381,7142,13088.192656
-1974.55226,7142,13107.22129
-850.668103,7142,13125.028916
-1450.313528,7142,13144.096693
-1030.326019,7142,13165.994775
-1193.771018,7142,13188.60621
-2931.131189,7142,13211.31139
-1284.514988,7142,13234.457452
-1413.978853,7142,13258.228303
-3634.402327,7142,13282.038609
-848.488063,7142,13300.454963
-1441.992456,7142,13318.423723
-2135.95426,7142,13336.679206
-2218.980752,7142,13355.550853
-1563.025847,7142,13373.939109
-1411.982696,7142,13391.400163
-995.011363,7142,13409.661896
-1086.229796,7142,13427.873787
-1808.734582,7142,13446.226445
-1492.772422,7142,13465.253947
-1332.254811,7142,13483.465059
-2035.118716,7142,13501.908007
-1532.893693,7142,13519.936294
-2823.604322,7142,13538.001047
-2564.144789,7142,13556.182239
-2707.426259,7142,13574.78959
-991.802681,7142,13594.266772
-471.921565,7142,13613.180799
-4129.229473,7142,13632.39415
-2303.175029,7142,13651.404921
-1364.913806,7142,13669.419061
-3914.372544,7142,13687.175884
-1067.59252,7142,13706.426776
-3261.460335,7142,13728.530195
-2359.92715,7142,13750.558716
-1922.05715,7142,13773.481104
-891.678955,7142,13806.217641
-214.481266,7142,13824.426635
-1425.913401,7142,13842.442353
-2165.975748,7142,13860.851898
-3849.471418,7142,13879.341872
-522.741764,7142,13897.794399
-665.732556,7142,13915.976328
-2752.112812,7142,13934.183985
-2539.694774,7142,13952.441691
-2253.304102,7142,13970.93828
-3043.025847,7142,13989.230693
-1750.683718,7142,14007.294262
-589.963168,7142,14025.544233
-1067.110014,7142,14044.876192
-574.739033,7142,14063.338285
-1844.545661,7142,14086.851886
-1062.165799,7142,14108.711514
-3281.288567,7142,14130.98278
-2842.31184,7142,14153.493351
-837.602806,7142,14176.007601
-641.310601,7142,14199.076943
-1028.926981,7142,14221.841686
-1272.561785,7142,14244.354469
-3199.887307,7142,14263.308617
-1956.40681,7142,14281.633001
-2276.762805,7142,14299.335784
-2809.332858,7142,14317.564776
-2179.681659,7142,14335.916263
-1118.547631,7142,14355.196603
-364.967842,7142,14374.462437
-1127.607427,7142,14393.628035
-1501.040729,7142,14412.612242
-2369.112146,7142,14431.25972
-3802.60209,7142,14450.263231
-357.921056,7142,14468.463791
-352.942761,7142,14486.990251
-2580.053063,7142,14505.116621
-664.568529,7142,14523.893721
-2747.318388,7142,14542.825787
-2056.696099,7142,14560.926897
-2966.979436,7142,14579.286975
-609.658337,7142,14598.427463
-3828.116193,7142,14617.642422
-1373.382789,7142,14636.727503
-1137.951665,7142,14654.677117
-642.630931,7142,14672.45965
-1010.870635,7142,14690.845846
-1596.124361,7142,14710.214233
-3210.270132,7142,14728.272249
-1937.986737,7142,14746.425736
-1250.433336,7142,14766.129175
-2865.239075,7142,14784.059522
-1717.698925,7142,14802.061559
-2684.971804,7142,14819.999174
-1727.738134,7142,14838.381363
-677.414717,7142,14856.903656
-3280.328958,7142,14876.24307
-1037.270429,7142,14894.38726
-1040.903014,7142,14912.559351
-1051.798472,7142,14930.755893
-1842.271191,7142,14949.091109
-2140.899881,7142,14967.845414
-1300.281738,7142,14985.84552
-2079.555365,7142,15004.468953
-1719.295754,7142,15022.496703
-1414.902442,7142,15041.998938
-1284.455038,7142,15060.948683
-1203.328349,7142,15079.224293
-1225.048875,7142,15098.087867
-2198.943335,7142,15116.237131
-3309.626102,7142,15134.331033
-2159.879817,7142,15152.932949
-1506.073822,7142,15170.644794
-1789.581689,7142,15188.81663
-672.655224,7142,15206.82615
-3318.869285,7142,15225.021132
-5078.930167,7142,15244.222954
-2691.248529,7142,15263.200617
-1881.297325,7142,15281.223104
-990.046344,7142,15300.33363
-882.143741,7142,15319.625578
-924.482095,7142,15337.567355
-1190.240872,7142,15355.726127
-1835.891449,7142,15374.02064
-1077.945763,7142,15392.34161
-2375.592782,7142,15411.336106
-3450.753032,7142,15429.185557
-1156.229342,7142,15448.131927
-1426.140287,7142,15466.340513
-1405.195795,7142,15484.405656
-1477.4598,7142,15502.652607
-1597.085887,7142,15520.749712
-1221.379014,7142,15540.011605
-2084.638026,7142,15558.236663
-1321.418522,7142,15576.523892
-1273.038769,7142,15595.357802
-828.214292,7142,15613.6723
-2875.325305,7142,15632.701487
-3376.897925,7142,15651.527159
-4280.510326,7142,15669.722029
-5700.33054,7142,15687.447345
-2621.856354,7142,15706.560485
-3938.088114,7142,15724.488452
-4677.292829,7142,15743.832299
-3313.257223,7142,15761.490628
-2067.460356,7142,15779.348711
-2572.808485,7142,15797.331136
-3545.482954,7142,15815.739085
-3573.367729,7142,15834.972631
-1777.464851,7142,15852.617045
-2425.102035,7142,15870.736327
-1953.941469,7142,15888.849331
-2182.607566,7142,15906.882221
-2829.478718,7142,15925.002483
-3699.1976,7142,15942.770143
-2065.70741,7142,15960.978247
-2740.302975,7142,15978.930993
-2387.244218,7142,15996.887163
-4954.138422,7142,16015.063224
-1613.691549,7142,16033.761109
-3554.953233,7142,16051.846189
-4819.748412,7142,16070.935656
-3383.889086,7142,16089.075507
-3069.229653,7142,16106.926684
-3425.017245,7142,16125.060137
-1596.318584,7142,16143.581541
-2215.008258,7142,16162.479417
-1473.579458,7142,16181.321118
-2915.460236,7142,16200.22675
-1053.013552,7142,16218.48209
-1518.785545,7142,16236.645429
-2226.912727,7142,16254.69813
-2395.922154,7142,16272.778337
-2102.155639,7142,16290.895717
-2701.37902,7142,16310.040968
-3134.909623,7142,16329.14592
-2110.543549,7142,16348.416963
-1983.325079,7142,16366.644441
-2071.001396,7142,16384.974915
-1953.581828,7142,16403.046078
-3914.783113,7142,16422.216933
-1745.565173,7142,16440.277231
-2081.293988,7142,16458.853241
-2015.815155,7142,16476.712076
-1618.766992,7142,16494.688536
-3006.156154,7142,16513.837639
-2558.134708,7142,16531.845791
-3772.717871,7142,16550.537837
-2988.477154,7142,16568.28371
-2896.358903,7142,16586.545773
-2743.037278,7142,16605.747479
-2822.067835,7142,16624.11892
-2360.870387,7142,16642.378148
-2706.538897,7142,16660.533833
-2164.834031,7142,16678.743611
-2902.096399,7142,16697.081289
-1621.878418,7142,16715.702384
-2754.157096,7142,16734.021329
-1748.049648,7142,16752.130304
-2817.215342,7142,16771.690319
-2898.268421,7142,16790.125589
-1898.49866,7142,16808.97376
-3171.743312,7142,16827.067724
-3114.629985,7142,16845.466602
-1632.54032,7142,16864.299584
-1532.380503,7142,16882.877764
-1732.325458,7142,16900.947767
-2028.522722,7142,16920.209708
-2438.000043,7142,16938.574203
-3376.4478,7142,16957.613589
-2123.85644,7142,16975.705827
-3059.172345,7142,16994.103624
-3827.653077,7142,17013.19733
-2456.514631,7142,17031.714105
-2221.257456,7142,17049.655689
-2785.106713,7142,17067.634304
-1578.158646,7142,17087.108975
-2654.577832,7142,17105.077419
-2041.352145,7142,17123.495666
-2917.811768,7142,17141.865852
-3386.184788,7142,17160.176806
-5349.441847,7142,17178.306167
-6180.498332,7142,17197.259553
-8254.098891,7142,17215.64763
-2698.307323,7142,17233.821005
-9682.793527,7142,17252.919849
-2702.171924,7142,17271.008564
-2487.891419,7142,17289.150996
-11825.499613,7142,17307.742193
-3282.914335,7142,17326.111341
-7240.994583,7142,17344.512736
-3174.176088,7142,17362.524163
-1234.27008,7142,17381.536425
-4384.822356,7142,17400.35822
-6074.441612,7142,17418.7126
-2832.104021,7142,17436.933075
-3150.328011,7142,17454.990825
-1616.650157,7142,17473.040787
-3580.328603,7142,17491.301815
-10670.632224,7142,17510.2066
-2223.361341,7142,17527.999628
-4539.219684,7142,17545.828053
-4513.949376,7142,17563.87573
-3044.579086,7142,17582.077754
-3829.199235,7142,17600.230399
-3102.061962,7142,17619.108888
-3289.361002,7142,17638.175069
-3234.843115,7142,17656.631216
-2188.582598,7142,17676.417133
-2822.474564,7142,17694.602464
-3151.153725,7142,17713.315107
-3722.306366,7142,17731.691155
-3423.711617,7142,17749.859868
-4546.577189,7142,17767.986907
-3268.206901,7142,17785.926491
-3531.876403,7142,17804.22165
-4028.457684,7142,17822.518851
-3533.103719,7142,17840.91174
-3966.181556,7142,17859.451816
-4735.647092,7142,17877.335202
-2360.817201,7142,17896.562552
-1828.971487,7142,17915.205544
-4113.061604,7142,17935.143415
-5371.594891,7142,17953.221331
-4697.866459,7142,17971.580539
-5104.861079,7142,17989.530644
-5348.678258,7142,18007.867035
-4968.876794,7142,18025.982062
-3934.339846,7142,18045.209801
-3994.044983,7142,18064.25256
-5797.024663,7142,18083.109201
-4475.201721,7142,18101.087583
-5785.690105,7142,18119.61306
-4351.716514,7142,18137.803031
-4422.505144,7142,18156.132559
-5375.845119,7142,18174.370873
-5221.013459,7142,18192.472341
-3815.588588,7142,18210.88342
-4418.605659,7142,18229.207635
-5045.614142,7142,18247.737308
-5664.582875,7142,18265.534578
-4518.176229,7142,18284.044678
-4378.2179,7142,18302.222439
-3539.929635,7142,18320.495296
-5248.799994,7142,18338.485098
-4526.128823,7142,18356.642995
-2698.227312,7142,18374.78833
-5283.933101,7142,18393.049024
-2126.013657,7142,18411.91932
-5143.442491,7142,18430.927392
-3002.064326,7142,18449.239704
-3587.190836,7142,18467.50105
-3755.497635,7142,18485.602239
-4459.146919,7142,18504.785071
-3902.488256,7142,18522.956344
-3176.270142,7142,18540.810554
-2750.136255,7142,18559.928387
-2448.688807,7142,18579.01014
-3565.104109,7142,18597.245146
-4757.500715,7142,18615.197458
-5887.204818,7142,18634.667223
-1959.048473,7142,18652.893715
-5923.192053,7142,18671.313907
-2744.649514,7142,18689.854911
-2148.198205,7142,18708.225727
-2200.950839,7142,18726.594566
-4300.32758,7142,18745.352504
-4497.899038,7142,18764.665671
-2916.280356,7142,18782.500021
-4773.447166,7142,18801.219869
-2858.524958,7142,18819.183025
-2070.627344,7142,18837.432765
-1643.294671,7142,18856.358563
-2269.062092,7142,18874.198664
-3318.226871,7142,18892.278277
-2935.221435,7142,18910.081012
-3950.022394,7142,18928.581589
-2135.555989,7142,18946.413388
-2993.31449,7142,18964.337936
-2317.016108,7142,18982.912799
-3348.428296,7142,19001.221862
-4470.981315,7142,19019.67932
-3999.719867,7142,19038.390352
-2926.303351,7142,19056.845874
-3517.578343,7142,19075.994137
-3422.809159,7142,19095.084709
-2592.885837,7142,19113.491587
-3351.864147,7142,19131.614618
-3906.339331,7142,19150.9977
-3468.991055,7142,19169.507674
-3593.132437,7142,19188.222273
-5095.777869,7142,19207.276123
-3122.582272,7142,19225.674549
-2866.298046,7142,19244.024588
-3710.330668,7142,19262.43501
-2501.027943,7142,19280.779152
-4188.024505,7142,19298.64942
-2531.82795,7142,19317.086352
-3044.522306,7142,19335.19316
-2238.132435,7142,19353.632603
-6464.669214,7142,19372.774006
-2920.576564,7142,19390.982099
-3549.951458,7142,19409.20778
-3327.263334,7142,19427.878827
-5848.037452,7142,19445.988683
-5367.86631,7142,19464.999054
-2064.628708,7142,19484.267811
-3259.228352,7142,19501.850828
-4123.450149,7142,19520.125563
-4467.094643,7142,19538.436363
-5266.536404,7142,19557.23114
-4220.156471,7142,19575.667171
-3078.62664,7142,19594.111461
-2658.576976,7142,19611.856506
-3901.947939,7142,19629.642977
-3184.406654,7142,19649.030616
-4460.887203,7142,19667.173414
-1292.00517,7142,19685.520958
-2699.832503,7142,19703.693012
-2959.422159,7142,19721.974808
-4274.781299,7142,19740.322738
-1564.90106,7142,19758.242103
-3469.162431,7142,19777.369623
-4060.35553,7142,19795.728641
-2714.042602,7142,19813.751107
-2345.504073,7142,19832.152959
-6207.170455,7142,19851.218033
-4815.253262,7142,19870.60014
-2782.246585,7142,19888.872762
-3179.584685,7142,19908.405533
-2799.401391,7142,19926.801227
-3196.12267,7142,19944.904799
-2926.964521,7142,19963.448907
-2853.866931,7142,19981.008289
-3247.532927,7142,19999.360597
-5803.602759,7142,20017.516478
-2380.446593,7142,20035.716515
-3735.050551,7142,20054.076147
-3131.502906,7142,20072.300188
-3075.933893,7142,20091.321065
-2898.321066,7142,20110.220131
-6832.257896,7142,20129.479891
-3227.263693,7142,20147.152581
-7443.397277,7142,20166.140858
-2456.774298,7142,20184.239219
-3315.197251,7142,20202.486158
-3310.328089,7142,20220.935137
-1683.150557,7142,20239.007924
-3790.349301,7142,20257.277241
-3894.53065,7142,20275.29342
-9210.958007,7142,20294.28266
-3259.754352,7142,20313.066716
-3323.69359,7142,20331.543713
-1664.690903,7142,20350.521207
-2092.357091,7142,20369.009098
-2231.036709,7142,20387.866797
-1294.420261,7142,20406.073612
-2446.140203,7142,20424.295067
-2421.650382,7142,20442.429743
-2731.865908,7142,20461.896861
-2868.450622,7142,20480.996217
-1890.664229,7142,20498.528956
-2653.40621,7142,20516.420682
-2448.98501,7142,20534.714672
-2430.036151,7142,20553.058763
-2631.727101,7142,20571.341062
-3212.293478,7142,20589.631278
-3465.905909,7142,20607.670772
-2736.240086,7142,20625.898242
-1704.861362,7142,20645.342816
-11916.420954,7142,20665.006588
-2731.332913,7142,20683.294081
-1859.030205,7142,20701.99804
-6935.763795,7142,20720.941342
-4115.305323,7142,20739.508324
-2328.355435,7142,20759.044613
-9626.27744,7142,20777.838371
-2903.413844,7142,20796.607267
-10754.144808,7142,20816.593665
-1992.854628,7142,20835.11666
-2214.60119,7142,20853.283629
-1851.863132,7142,20871.325052
-1575.140385,7142,20889.367572
-1666.925423,7142,20907.975033
-4857.046826,7142,20926.704883
-2790.854166,7142,20945.063694
-2975.219967,7142,20963.419134
-2007.576702,7142,20982.075423
-5661.01306,7142,21000.116781
-1743.919703,7142,21017.990241
-1527.511414,7142,21036.830291
-2496.666669,7142,21055.146268
-5343.132159,7142,21073.630762
-3016.620341,7142,21092.123602
-2444.536302,7142,21110.504663
-3069.188322,7142,21129.378234
-3202.683061,7142,21147.968325
-2388.620731,7142,21166.288885
-1283.925056,7142,21185.294765
-1659.438525,7142,21203.66398
-1692.270249,7142,21223.286821
-2292.343724,7142,21241.731638
-1273.996975,7142,21261.419624
-1025.565912,7142,21279.758143
-1742.771627,7142,21298.626188
-3742.882351,7142,21316.844335
-3032.036089,7142,21336.132485
-4261.216521,7142,21355.081419
-2494.170651,7142,21373.090618
-1787.008451,7142,21391.637434
-2436.139563,7142,21410.15099
-1780.878034,7142,21429.324169
-2868.211316,7142,21447.197764
-2477.288304,7142,21465.912163
-1132.376511,7142,21484.824968
-2841.108666,7142,21503.105911
-1529.332053,7142,21521.295
-1214.937535,7142,21539.521141
-1967.440861,7142,21557.810384
-6712.185587,7142,21577.198867
-5248.222958,7142,21596.32049
-2514.090676,7142,21614.633303
-3001.551296,7142,21632.97805
-1465.695909,7142,21651.070435
-5702.349254,7142,21669.562224
-3815.707949,7142,21687.705082
-1331.419501,7142,21706.441653
-3026.26865,7142,21724.524
-3509.957838,7142,21743.023203
-1373.749646,7142,21761.122472
-1464.545345,7142,21780.221788
-1634.001456,7142,21798.572675
-2625.569099,7142,21817.255495
-2659.460459,7142,21835.643183
-1555.217602,7142,21853.65862
-1940.39448,7142,21871.843984
-1419.669992,7142,21890.533989
-2055.178428,7142,21909.586263
-4878.993645,7142,21928.471883
-2447.70192,7142,21948.039253
-3349.784173,7142,21967.299191
-1688.787748,7142,21986.538502
-1787.937255,7142,22005.613961
-3261.208164,7142,22023.500735
-1512.831402,7142,22042.064143
-1990.904644,7142,22060.366171
-2207.50729,7142,22078.619504
-10668.701542,7142,22097.841337
-2496.037965,7142,22116.118843
-1116.278746,7142,22135.568566
-1597.823689,7142,22154.15397
-1443.271055,7142,22172.766863
-2393.063739,7142,22191.367203
-2094.644985,7142,22209.70399
-2934.860892,7142,22227.68544
-1598.094348,7142,22245.976741
-2916.754317,7142,22264.812178
-2817.705748,7142,22283.202766
-2439.269234,7142,22301.46527
-2939.084219,7142,22319.859542
-2532.209509,7142,22338.096798
-2619.848714,7142,22356.421414
-2825.407083,7142,22374.880448
-5178.497464,7142,22394.404228
-2293.651092,7142,22413.628592
-1995.409787,7142,22431.898837
-1256.158931,7142,22451.285013
-2778.828297,7142,22469.602792
-1597.731279,7142,22489.072595
-1137.462509,7142,22507.496133
-3324.340493,7142,22526.982638
-2314.105741,7142,22545.084867
-2922.841289,7142,22564.950151
-2502.555747,7142,22583.681163
-2067.612498,7142,22602.015536
-1140.737493,7142,22620.497498
-1160.499669,7142,22638.674177
-940.057923,7142,22656.894843
-1543.209652,7142,22675.850744
-2373.757206,7142,22694.096991
-804.653214,7142,22712.377184
-906.462085,7142,22730.789177
-957.629398,7142,22749.414365
-4799.561078,7142,22767.684397
-2827.764969,7142,22786.749796
-741.199081,7142,22804.984556
-1953.359846,7142,22823.155765
-1709.866725,7142,22840.963532
-1758.169528,7142,22859.108001
-2171.538592,7142,22878.074329
-1739.630367,7142,22896.551193
-2105.103608,7142,22914.541732
-2439.85968,7142,22933.269644
-2366.533252,7142,22951.713343
-1817.704847,7142,22970.218289
-1870.15308,7142,22989.093799
-1920.673638,7142,23007.156307
-1587.946245,7142,23026.186226
-1036.05359,7142,23045.181869
-2568.774653,7142,23064.457726
-1982.784301,7142,23082.167427
-1863.683495,7142,23099.820062
-3541.471036,7142,23117.927869
-4564.32319,7142,23136.293779
-2851.628321,7142,23155.560248
-2962.977681,7142,23174.249734
-1963.343544,7142,23192.868483
-1888.733222,7142,23211.752064
-1777.188979,7142,23230.104895
-1846.452618,7142,23249.324943
-1119.488514,7142,23267.587761
-1920.442954,7142,23285.971157
-757.448921,7142,23304.599856
-1801.749959,7142,23323.587652
-2124.545782,7142,23342.154901
-1254.972126,7142,23361.379128
-863.886825,7142,23379.632385
-2122.846946,7142,23397.833567
-1367.81507,7142,23416.150541
-1919.750855,7142,23434.335295
-1002.328433,7142,23452.429688
-1174.361147,7142,23470.823188
-1853.263835,7142,23489.028497
-2135.003834,7142,23507.160969
-1730.799845,7142,23525.502979
-1441.716523,7142,23543.971429
-3914.760714,7142,23562.397255
-898.645201,7142,23581.467913
-700.568213,7142,23599.853208
-1765.612669,7142,23618.083442
-535.990508,7142,23636.229782
-1745.849852,7142,23654.780015
-3209.717237,7142,23673.899058
-1808.798849,7142,23692.482919
-1636.457823,7142,23711.403341
-1420.923671,7142,23729.863169
-1419.332924,7142,23749.038829
-2162.978053,7142,23768.439114
-1421.186948,7142,23786.593175
-1500.396904,7142,23804.9558
-1349.057751,7142,23822.969159
-268.609194,7142,23840.837194
-2133.524973,7142,23859.68861
-1979.530363,7142,23878.312951
-1631.225924,7142,23896.378978
-1203.03888,7142,23914.455909
-986.692405,7142,23932.601464
-2038.837374,7142,23951.019852
-722.950333,7142,23968.948785
-2056.830396,7142,23987.381467
-1834.73782,7142,24005.746308
-2830.173943,7142,24024.150182
-3944.068723,7142,24043.437324
-2016.691373,7142,24061.61806
-1777.664816,7142,24079.598084
-565.819365,7142,24097.920804
-2530.277051,7142,24116.130113
-601.405192,7142,24134.127081
-864.134336,7142,24152.542956
-933.542342,7142,24170.901115
-2198.467078,7142,24189.020491
-1719.858615,7142,24208.262415
-2497.038634,7142,24226.67167
-822.864015,7142,24244.693406
-1764.959404,7142,24263.812668
-1341.89916,7142,24281.862975
-1502.720824,7142,24300.091916
-3516.036204,7142,24318.143063
-1364.019457,7142,24336.48128
-1608.541291,7142,24354.799983
-1920.972165,7142,24374.059695
-1020.155513,7142,24392.203025
-1324.41861,7142,24411.41164
-2366.520726,7142,24429.44085
-1750.88949,7142,24448.103505
-1451.48836,7142,24466.409304
-2221.963981,7142,24485.776878
-739.614746,7142,24504.137184
-866.860751,7142,24522.459015
-680.218375,7142,24540.516146
-874.27213,7142,24558.947306
-1314.568308,7142,24577.253479
-2185.557872,7142,24596.481792
-2858.170509,7142,24615.723593
-545.021785,7142,24633.978297
-980.956861,7142,24652.119112
-1695.057985,7142,24670.500621
-1890.682647,7142,24688.492789
-2524.201597,7142,24707.74058
-1300.387581,7142,24726.916691
-1436.271414,7142,24745.129453
-1347.969052,7142,24763.366591
-730.288595,7142,24781.808528
-1044.052041,7142,24800.10159
-1416.566589,7142,24818.753821
-669.201845,7142,24836.792346
-1855.995622,7142,24855.476463
-943.588528,7142,24873.966382
-701.804355,7142,24892.123193
-1248.704805,7142,24910.936609
-1139.877752,7142,24928.987089
-410.135407,7142,24947.493724
-1675.622738,7142,24965.513499
-1043.954217,7142,24984.076992
-938.799844,7142,25001.999321
-1231.423372,7142,25021.392963
-1822.603674,7142,25040.578727
-1379.006679,7142,25059.183504
-752.671123,7142,25078.202782
-792.815112,7142,25097.372035
-1296.575123,7142,25115.926907
-618.121494,7142,25134.152029
-1553.201619,7142,25152.406033
-1536.085204,7142,25170.188326
-465.159843,7142,25188.443144
-1199.056243,7142,25207.056324
-1772.090073,7142,25225.391074
-1462.097148,7142,25243.686914
-1493.049765,7142,25261.696548
-1738.834513,7142,25280.405519
-2143.836472,7142,25299.376079
-1280.166768,7142,25317.528188
-1153.815746,7142,25335.426437
-1964.746399,7142,25353.881055
-1532.116816,7142,25372.234633
-805.339688,7142,25390.77266
-2108.684054,7142,25409.702161
-1124.66066,7142,25428.828937
-743.976579,7142,25447.597069
-1501.015074,7142,25465.784844
-1187.67905,7142,25484.838095
-811.871726,7142,25503.337809
-1105.123375,7142,25521.170535
-958.262384,7142,25541.039698
-762.676592,7142,25559.275702
777.821393,7142,25577.921684
-443.212148,7142,25596.33441
-1157.313858,7142,25614.587589
-1235.201321,7142,25632.96158
-1525.762451,7142,25652.038532
-784.119201,7142,25670.193602
-444.525041,7142,25687.567568
-1411.820029,7142,25706.759641
-433.825811,7142,25725.852892
-1848.405421,7142,25745.468779
-770.187329,7142,25763.562222
-328.741146,7142,25781.604656
-1170.157503,7142,25799.664612
-1288.925621,7142,25818.015058
-961.249874,7142,25837.153209
-780.633019,7142,25855.41753
-905.790665,7142,25873.684449
-1729.573314,7142,25892.790734
-1636.558414,7142,25911.268691
-846.394755,7142,25929.532297
-2124.350712,7142,25948.404109
-1540.288487,7142,25966.639355
-1284.039703,7142,25984.586497
-840.3216,7142,26002.640838
-1143.974319,7142,26020.681003
-718.824124,7142,26038.668959
-1111.397607,7142,26056.893486
-1265.235774,7142,26074.83673
-1338.479757,7142,26092.901188
-1191.434221,7142,26111.011896
-617.180917,7142,26129.170624
-1234.357967,7142,26147.212669
-1245.756584,7142,26166.028587
-1255.940512,7142,26184.151935
-1082.240153,7142,26202.391121
-1156.739218,7142,26220.591626
-1983.607105,7142,26241.095143
-1257.715732,7142,26259.063802
-2651.908416,7142,26278.004944
-2180.755874,7142,26297.137521
-1021.573561,7142,26315.552078
-1009.578951,7142,26333.342465
-1686.73312,7142,26351.649269
-1273.717874,7142,26369.802305
-3044.06399,7142,26389.153354
-3366.233927,7142,26409.000737
-1455.993744,7142,26427.305673
-2030.316523,7142,26446.123243
-1129.297749,7142,26464.220098
-2032.143528,7142,26482.362112
-2679.987484,7142,26500.835977
-536.772543,7142,26520.133433
-1060.181537,7142,26537.7795
-4700.016531,7142,26557.049224
-2691.809863,7142,26576.999217
-1826.433002,7142,26594.816377
-2053.054804,7142,26612.909302
-2206.399267,7142,26632.041976
-3772.253403,7142,26651.130129
-1589.785843,7142,26669.23205
-2959.365043,7142,26688.315697
-3743.963458,7142,26707.776314
-1617.348485,7142,26725.521053
-1221.202999,7142,26743.719614
-1717.512967,7142,26762.10079
-1520.01908,7142,26780.285322
-2677.191087,7142,26798.604563
-1912.57415,7142,26816.890038
-4252.772096,7142,26835.965899
-1207.300194,7142,26854.119634
-2702.423028,7142,26872.098298
-1277.135741,7142,26890.323505
-1471.241646,7142,26908.582037
