#{"t_start": 1595200590.2122114, "env_id": null}
r,l,t
-2798.636677,7142,28.21126
-3163.909361,7142,48.608649
-3069.274317,7142,68.851101
-3029.309553,7142,89.362007
-3206.262268,7142,110.06973
-2489.252196,7142,130.743805
-2470.29771,7142,151.387807
-6123.135886,7142,240.169313
-3514.44727,7142,317.177539
-3441.685181,7142,395.190428
-3544.064453,7142,471.919805
-4001.483374,7142,551.108424
-1662.336111,7142,628.620163
-2075.284121,7142,707.301452
-1816.170137,7142,785.891381
-1127.964853,7142,864.335837
-741.348911,7142,963.844454
-457.751796,7142,1480.219216
-464.610173,7142,1563.813429
-1211.815388,7142,1641.197122
-1089.334199,7142,1722.775061
-1091.294382,7142,1815.610283
-1697.094739,7142,1905.385781
-2463.964572,7142,1987.290879
-824.533306,7142,2065.261455
-2106.021015,7142,2144.394825
553.72428,7142,2222.748846
7.918397,7142,2301.876234
-1006.93966,7142,2380.388805
-1294.264602,7142,2458.490504
-762.188365,7142,2537.289064
-1507.272832,7142,2615.611043
-416.985425,7142,2694.600236
-541.563285,7142,2774.536896
-1164.764256,7142,2853.935569
-73.237836,7142,2933.550976
801.560046,7142,3012.104902
-945.688296,7142,3091.493252
-237.250027,7142,3170.775
-1027.081122,7142,3251.400558
-647.607942,7142,3331.709332
-407.057802,7142,3410.446307
118.954266,7142,3491.315957
-1782.15905,7142,3570.706099
-1637.502548,7142,3658.297531
-326.677826,7142,3743.925187
77.950789,7142,3828.220908
-1170.10553,7142,3914.51369
-383.615611,7142,3999.414679
94.638104,7142,4085.063344
-431.801822,7142,4170.207609
-151.169673,7142,4273.198445
-177.866195,7142,4387.14656
508.665507,7142,4476.931943
248.450616,7142,4562.286768
379.010513,7142,4647.502142
-600.429001,7142,4733.503016
-772.742459,7142,4820.48535
140.861168,7142,4904.832661
-498.486778,7142,4991.640648
825.014097,7142,5076.512523
632.824897,7142,5161.90567
445.995813,7142,5246.255843
170.977268,7142,5330.547283
246.133219,7142,5416.248883
972.860892,7142,5501.305658
1237.081434,7142,5588.500428
-221.844991,7142,5674.732982
1282.83977,7142,5758.946632
-253.867693,7142,5844.036332
48.900486,7142,5929.581679
773.061893,7142,6015.505675
1618.114744,7142,6099.42831
589.015659,7142,6184.504025
443.753139,7142,6268.789106
338.252413,7142,6353.058772
2244.073717,7142,6437.514655
5.649559,7142,6521.676048
1321.706568,7142,6606.367873
2527.828497,7142,6689.183832
561.191817,7142,6773.576846
1634.385016,7142,6857.398461
-528.164373,7142,6942.300695
1240.793326,7142,7025.551337
388.191503,7142,7109.920031
1443.222858,7142,7193.631031
2038.14207,7142,7276.332124
1744.103278,7142,7358.75532
2819.584952,7142,7441.590397
1677.775626,7142,7524.278323
1017.100752,7142,7608.74332
2171.524016,7142,7691.449935
1364.751764,7142,7775.030798
3146.147948,7142,7857.799911
2638.625371,7142,7941.291978
457.870587,7142,8026.941993
2225.651145,7142,8110.273149
1306.816143,7142,8193.617504
4266.46389,7142,8276.305015
2599.829045,7142,8360.089295
1062.200666,7142,8444.894259
3357.870237,7142,8527.976139
1437.556168,7142,8612.638865
99.931284,7142,8696.451057
3868.963137,7142,8779.758806
4624.532258,7142,8862.862776
5852.971154,7142,8945.913432
3090.00341,7142,9029.071135
4066.148925,7142,9112.125551
3136.757431,7142,9195.659006
4268.826333,7142,9278.296711
4671.856547,7142,9361.071823
4154.216004,7142,9444.429617
2421.717903,7142,9528.022863
5734.604276,7142,9611.708506
920.590051,7142,9695.785908
2492.822847,7142,9780.41132
5795.486544,7142,9862.781761
4010.938249,7142,9945.892266
3715.127369,7142,10030.433909
3396.939485,7142,10112.793003
5461.408957,7142,10196.560805
4278.668978,7142,10279.456813
9741.04257,7142,10362.845817
6343.946415,7142,10447.054917
7374.770526,7142,10530.654636
6591.302777,7142,10615.243458
5137.809785,7142,10698.920132
5526.397405,7142,10782.770908
1842.671778,7142,10866.922215
5033.855192,7142,10950.467807
2851.352063,7142,11034.835745
5521.983296,7142,11118.04394
5331.850192,7142,11202.740103
8356.89195,7142,11287.496908
10022.08391,7142,11370.079241
2838.907224,7142,11454.683746
4477.794035,7142,11537.750156
6149.243009,7142,11622.11873
6575.339237,7142,11705.604256
6073.463079,7142,11790.037842
5933.46967,7142,11873.26675
4713.38505,7142,11958.955738
6942.220085,7142,12042.066736
8061.468992,7142,12125.501235
7541.390445,7142,12209.247107
9631.750335,7142,12290.927611
7764.149933,7142,12374.218863
8817.450564,7142,12456.553519
6661.261681,7142,12539.329444
4091.554944,7142,12622.92391
7940.189848,7142,12706.288864
9430.08408,7142,12789.454877
7553.286882,7142,12872.434944
7614.812161,7142,12956.5827
4093.353633,7142,13041.098358
8180.130217,7142,13124.135387
8933.014025,7142,13207.749476
7832.746539,7142,13291.18231
8213.20503,7142,13374.069364
5978.084118,7142,13458.408766
9335.135996,7142,13542.369534
11540.515853,7142,13624.530402
7736.039736,7142,13707.524861
7454.56284,7142,13791.376547
6550.412979,7142,13875.775826
5834.658157,7142,13960.65451
3859.568108,7142,14044.305517
5047.742725,7142,14127.687774
3961.569782,7142,14212.839256
4902.194535,7142,14295.611098
8832.158799,7142,14378.560283
12257.893652,7142,14461.037621
8454.836803,7142,14545.872976
8196.888617,7142,14629.256715
6376.106913,7142,14713.821397
6697.148146,7142,14798.254773
2964.930114,7142,14881.971006
2652.357002,7142,14966.607721
9820.617821,7142,15049.339089
2641.036552,7142,15133.849031
9542.025658,7142,15217.156187
8800.170434,7142,15299.868964
10015.3987,7142,15382.963577
5525.879228,7142,15465.035993
8361.901317,7142,15548.779864
649.506652,7142,15633.614708
11010.483249,7142,15716.658325
9342.418352,7142,15800.243023
8387.745217,7142,15884.067066
8978.204887,7142,15967.441988
4243.891254,7142,16051.600163
-1429.835533,7142,16136.8973
8856.206696,7142,16219.129911
3119.237136,7142,16304.815818
6057.332458,7142,16390.15293
4065.107316,7142,16474.34626
9555.22707,7142,16557.53275
11438.933157,7142,16640.330395
5918.282124,7142,16723.872436
10293.637623,7142,16807.632435
11276.352009,7142,16890.498127
10381.245071,7142,16973.408161
3601.700213,7142,17057.107088
8546.991616,7142,17140.587711
11550.784891,7142,17223.124612
10569.821554,7142,17305.668133
9408.409094,7142,17388.63076
8045.158919,7142,17471.669311
5104.042322,7142,17556.171788
7478.055436,7142,17639.364498
9672.602638,7142,17723.011012
10968.562693,7142,17806.427447
8429.380747,7142,17889.93135
2504.298403,7142,17975.170754
11567.088504,7142,18058.838948
7495.226132,7142,18145.05702
8816.891589,7142,18228.688075
7292.767744,7142,18310.443587
5702.033357,7142,18395.254848
11547.794994,7142,18477.260433
8032.528777,7142,18561.315207
4475.572128,7142,18646.414668
3066.471477,7142,18730.677072
8356.773092,7142,18814.399215
1621.11519,7142,18898.300261
9590.484729,7142,18983.942119
10253.754401,7142,19067.007544
6738.832486,7142,19152.487728
12447.473098,7142,19236.737359
9791.213779,7142,19322.452654
8176.903933,7142,19405.66624
8996.574919,7142,19489.41603
11071.052414,7142,19573.508141
11517.371859,7142,19657.485026
10102.571645,7142,19741.336044
9090.451967,7142,19824.166401
5990.454543,7142,19906.743379
13603.486446,7142,19987.615732
11965.652411,7142,20066.416292
10393.294976,7142,20145.865353
8130.49317,7142,20224.367449
10052.144483,7142,20303.202529
9104.107078,7142,20381.825014
8326.441853,7142,20461.018239
11217.329123,7142,20540.926015
2047.687852,7142,20620.534596
12309.544396,7142,20701.2638
12940.066504,7142,20779.223426
4604.578007,7142,20859.511338
6619.913013,7142,20941.121223
10843.974807,7142,21020.640704
10686.056356,7142,21100.499596
3268.51795,7142,21180.807513
11280.13585,7142,21260.037371
8137.595797,7142,21339.075017
11402.27178,7142,21417.920607
10605.156629,7142,21495.458523
9404.646972,7142,21573.803456
12955.34696,7142,21652.737622
11926.991362,7142,21732.35563
10967.098759,7142,21813.425001
11605.379016,7142,21892.813105
9716.776331,7142,21970.602949
10780.104974,7142,22050.55918
10309.719029,7142,22131.151688
10292.356002,7142,22210.886285
5343.447311,7142,22291.606551
3553.519287,7142,22370.997482
7653.981602,7142,22449.968758
11053.935197,7142,22529.648968
9938.012415,7142,22609.679251
10031.510483,7142,22689.178105
-1298.636769,7142,22772.467343
6610.084696,7142,22853.617887
11572.782618,7142,22933.506539
7916.474038,7142,23015.24299
9978.578754,7142,23094.439883
9966.675112,7142,23173.979675
7362.897333,7142,23254.700598
12242.187747,7142,23335.425226
7051.346812,7142,23414.856856
9947.0402,7142,23494.739983
8523.499246,7142,23575.926213
8818.16883,7142,23657.008901
9849.069493,7142,23738.039093
12537.0541,7142,23820.61826
3137.612272,7142,23901.969762
11153.083018,7142,23985.025471
12723.092979,7142,24069.23471
8488.043089,7142,24154.410145
10679.16806,7142,24239.876505
11856.741451,7142,24323.859415
4599.785919,7142,24408.945649
11213.384596,7142,24491.491289
11392.971509,7142,24577.556507
5845.403557,7142,24662.78073
4105.688715,7142,24748.670688
8164.373277,7142,24832.212358
10228.324369,7142,24916.739312
11097.020511,7142,25001.20021
10207.278684,7142,25085.937267
797.96612,2591,25116.603678
11976.278687,7142,25201.46951
10042.220225,7142,25285.221991
6160.213326,7142,25368.609208
9040.219946,7142,25451.502331
7808.911168,7142,25533.364038
13402.689107,7142,25616.31923
12598.626948,7142,25696.6343
2754.553035,7142,25777.815303
4278.901976,7142,25855.321646
12070.974629,7142,25936.184226
11997.75833,7142,26019.379613
10170.935679,7142,26098.758648
11221.521216,7142,26181.542827
12422.337153,7142,26261.06417
11117.756346,7142,26339.951216
11343.384583,7142,26416.987518
2259.358503,7142,26495.381421
11840.161324,7142,26574.731618
11085.442256,7142,26654.723718
2182.894409,7142,26736.574412
-2958.803714,7142,26817.351305
9520.803957,7142,26898.877725
8078.472282,7142,26981.958592
3657.14309,7142,27062.324071
8304.99288,7142,27141.658004
11325.936901,7142,27219.482773
2056.959061,7142,27303.154599
10175.030151,7142,27382.582513
755.318252,7142,27462.671584
11352.294299,7142,27545.904581
12444.736433,7142,27627.709014
9519.967283,7142,27707.63504
11985.981823,7142,27785.058893
10217.804703,7142,27863.511398
3689.61612,7142,27943.500907
12156.644047,7142,28022.058284
8272.141766,7142,28103.809603
12459.45944,7142,28183.433587
7226.904962,7142,28262.240047
10018.52869,7142,28338.499521
10645.760618,7142,28415.186477
11369.431871,7142,28496.239058
8007.248089,7142,28572.525999
7515.457892,7142,28650.304751
8883.523944,7142,28725.60615
11708.599711,7142,28803.106418
7084.360725,7142,28878.925088
4753.4241,7142,28954.332705
9478.543737,7142,29028.996354
8031.376796,7142,29104.114301
9464.317367,7142,29180.449432
6577.490889,7142,29258.565591
11252.911695,7142,29333.442953
10269.119887,7142,29409.665531
7750.532045,7142,29485.865621
11833.356905,7142,29561.992016
6946.291009,7142,29638.404173
5467.463919,7142,29716.228255
8616.809496,7142,29791.886265
6942.61508,7142,29868.798754
9192.212869,7142,29947.721338
12206.622718,7142,30022.888793
3276.335414,7142,30102.486547
10108.139574,7142,30179.757811
9506.059866,7142,30258.055358
12698.269676,7142,30334.714914
6296.064836,7142,30411.967003
7916.461019,7142,30491.051879
2382.89418,7142,30569.764874
6178.418538,7142,30652.78113
1093.71149,7142,30731.328183
8045.762445,7142,30810.34455
12728.834021,7142,30891.141765
11166.372961,7142,30969.468227
6722.812469,7142,31047.904883
9096.898955,7142,31123.636745
7724.245377,7142,31201.670868
8228.1652,7142,31280.263852
6720.30796,7142,31363.772514
6372.689877,7142,31442.10729
12021.103707,7142,31518.07206
9345.350421,7142,31596.824549
8962.957271,7142,31674.245831
3910.862169,7142,31754.01105
5279.385246,7142,31833.966987
11669.053009,7142,31913.058045
10734.273754,7142,31991.765522
5710.837633,7142,32068.922289
6706.614466,7142,32146.551313
12101.824896,7142,32222.936759
12979.325789,7142,32298.957637
8018.491483,7142,32376.352235
6915.640369,7142,32457.406839
-4265.929027,7142,32536.312489
11578.414557,7142,32612.799605
10103.563691,7142,32692.614585
6063.904671,7142,32773.08247
11351.915273,7142,32850.58202
5519.885773,7142,32930.157485
9510.943697,7142,33007.00713
10611.336694,7142,33084.98218
11788.060007,7142,33161.723768
10859.299164,7142,33237.07019
3389.266149,7142,33314.369746
9244.903372,7142,33387.977055
9345.020794,7142,33463.684237
7099.301568,7142,33540.543589
8897.456206,7142,33616.564615
9434.708286,7142,33694.001086
12293.444008,7142,33768.200645
13652.472083,7142,33844.205777
12199.043078,7142,33919.166775
8332.850983,7142,33997.104517
12035.122319,7142,34074.382273
11376.337959,7142,34151.985995
7420.195299,7142,34228.391226
10150.234557,7142,34303.615873
10822.295329,7142,34379.064515
11768.177944,7142,34454.655813
11542.352827,7142,34532.37277
10966.026053,7142,34607.087258
9456.893169,7142,34682.697119
12199.060427,7142,34761.113479
7557.085914,7142,34840.546925
11051.359243,7142,34920.881548
9731.49926,7142,34998.346987
4964.325638,7142,35075.65509
7681.323339,7142,35151.429596
9319.453173,7142,35227.72054
8531.953977,7142,35305.294372
9338.930159,7142,35381.722149
11835.867061,7142,35458.609209
8667.317396,7142,35537.202238
5206.334896,7142,35616.424968
12617.449028,7142,35693.07782
11577.504645,7142,35768.821965
12491.743562,7142,35846.644838
9587.222224,7142,35928.330284
12834.874463,7142,36007.628638
11309.77279,7142,36083.228806
10875.832199,7142,36160.659629
3131.395496,7142,36238.14627
8562.066913,7142,36315.202152
8980.304576,7142,36394.444247
12582.06758,7142,36473.142067
13188.695014,7142,36551.249153
13319.317988,7142,36628.023424
11921.276274,7142,36703.603353
9142.108424,7142,36781.423563
7857.54437,7142,36859.19495
9768.719372,7142,36939.849969
12322.566226,7142,37018.005847
8161.84821,7142,37094.862173
11917.047381,7142,37169.691805
11772.007893,7142,37244.574156
8693.234642,7142,37321.919915
10843.341621,7142,37398.491555
1689.309905,7142,37475.076477
10556.60945,7142,37551.628168
10465.263476,7142,37628.243592
11322.229885,7142,37707.505036
8056.374101,7142,37786.47477
9363.251701,7142,37864.030413
12882.874293,7142,37940.074584
9636.207022,7142,38017.727812
1438.116634,7142,38094.017715
6930.019098,7142,38169.658727
9025.412825,7142,38244.595825
12588.92096,7142,38319.935211
12752.278556,7142,38396.769944
11075.925692,7142,38472.675429
11287.651147,7142,38548.562154
6546.1265,7142,38625.65826
12920.638728,7142,38703.519756
10836.452133,7142,38779.845568
3714.540628,7142,38857.493261
5934.62716,7142,38936.455165
9681.512189,7142,39013.957831
11217.83398,7142,39090.821336
9419.849398,7142,39167.002718
10959.847979,7142,39244.15509
4291.291585,7142,39325.849023
12215.213494,7142,39404.318187
8345.339224,7142,39483.329825
10939.689615,7142,39560.519773
9986.921403,7142,39637.799637
10199.938407,7142,39714.616051
8455.474575,7142,39794.358262
9123.060639,7142,39874.717015
9048.523031,7142,39951.424469
9199.380871,7142,40028.669439
9553.580293,7142,40107.71129
-66.607126,7142,40187.327367
7880.25938,7142,40267.213626
3152.203316,7142,40347.961931
11500.906264,7142,40426.183012
13230.796167,7142,40504.199928
10715.299573,7142,40582.936177
7214.699247,7142,40662.904252
6503.405618,7142,40741.85996
3379.269135,7142,40821.522844
9996.429325,7142,40899.610389
13153.526355,7142,40975.868423
9771.406995,7142,41051.921298
4817.389222,7142,41129.796138
9845.252503,7142,41205.511372
10607.060034,7142,41282.271155
9505.578226,7142,41359.252597
11526.351001,7142,41433.866992
11845.285973,7142,41508.617149
6073.905183,7142,41587.012561
10134.683497,7142,41663.944123
7780.315234,7142,41739.018575
13611.448122,7142,41814.84637
6697.688549,7142,41890.762859
11118.986819,7142,41965.266901
12565.47075,7142,42039.288987
8026.724309,7142,42115.651189
12218.337167,7142,42190.98196
12099.726837,7142,42267.629739
12795.303756,7142,42345.57916
7686.837646,7142,42424.521815
12771.696958,7142,42500.528305
11849.086977,7142,42575.925404
12588.237007,7142,42652.501335
8864.064847,7142,42728.476098
-3738.595184,7142,42807.542099
10610.777363,7142,42883.592383
12190.052026,7142,42958.586421
10640.99788,7142,43033.418242
12856.272144,7142,43109.4649
4362.635898,7142,43189.048064
11893.605511,7142,43267.401062
13471.674676,7142,43346.334685
11129.964894,7142,43421.890531
11020.904103,7142,43497.197175
6516.914311,7142,43576.715125
10731.695869,7142,43655.626064
-171.286469,7142,43735.332478
10164.844327,7142,43812.144133
9147.919237,7142,43889.650458
11758.968218,7142,43967.456418
4202.314781,7142,44044.116522
9476.401312,7142,44122.500234
9972.6887,7142,44200.568301
11211.706854,7142,44277.901983
9730.783679,7142,44357.516245
7185.645243,7142,44434.882563
6757.300363,7142,44511.228131
5998.637447,7142,44586.768528
11003.317777,7142,44663.632223
7007.641124,7142,44741.619586
11933.783377,7142,44817.660109
7843.623856,7142,44893.822179
12477.223886,7142,44970.679514
12287.188654,7142,45049.125048
9323.292383,7142,45127.107173
10287.112967,7142,45201.391515
11132.95247,7142,45277.30961
7623.5164,7142,45352.799011
12195.41235,7142,45429.049007
4951.973353,7142,45504.10087
10952.655455,7142,45579.695962
7681.71719,7142,45656.020205
11148.615432,7142,45734.469776
12283.883432,7142,45809.173446
10844.137848,7142,45886.507074
9676.524198,7142,45964.448256
11045.510505,7142,46039.693363
5835.491011,7142,46117.410979
2719.030879,7142,46196.463365
4753.230408,7142,46276.739999
9571.2409,7142,46355.27586
-541.850783,7142,46433.868196
11825.313957,7142,46510.604854
10442.813193,7142,46588.846246
5805.296649,7142,46667.002814
10632.460559,7142,46746.157012
-870.370067,7142,46825.091837
10197.722787,7142,46902.053808
9950.608802,7142,46977.829649
7569.116129,7142,47054.655049
11989.305411,7142,47133.995742
5836.562693,7142,47213.033892
12135.476923,7142,47291.188692
11050.591762,7142,47367.613894
-425.554926,7142,47444.583458
4833.541647,7142,47523.321851
5837.19242,7142,47605.035896
11561.738332,7142,47682.1716
10438.67043,7142,47760.148829
12822.235187,7142,47838.047417
-3751.134347,7142,47915.44647
11559.15586,7142,47993.480208
5410.66171,7142,48073.889748
11988.519093,7142,48152.978095
7438.744945,7142,48232.415858
1963.985238,7142,48311.921601
9630.932628,7142,48389.557529
1708.413887,7142,48467.444247
137.402728,7142,48543.927331
12197.749978,7142,48620.727183
10763.559766,7142,48697.498408
11316.560921,7142,48774.371647
10862.481834,7142,48851.94769
5762.105639,7142,48931.621182
11016.329722,7142,49010.724359
12571.395999,7142,49085.958782
2267.747158,7142,49160.261758
11781.943551,7142,49233.914345
1129.152019,7142,49310.162702
10439.742289,7142,49385.703015
11718.968076,7142,49461.152724
11366.750036,7142,49534.612495
11232.970755,7142,49609.176561
10084.534766,7142,49684.111523
6061.535887,7142,49761.533834
8755.809409,7142,49840.084741
12323.303484,7142,49916.011641
11911.851305,7142,49994.066211
5994.839331,7142,50073.224715
12249.035911,7142,50152.65059
9120.176178,7142,50232.2708
11107.073233,7142,50310.591281
10748.866066,7142,50388.145923
7779.986912,7142,50466.059913
8773.759374,7142,50543.999265
11255.881413,7142,50622.222267
10895.110984,7142,50701.073112
10187.423942,7142,50778.449329
8939.621374,7142,50855.943975
12490.889049,7142,50933.448103
10820.501217,7142,51010.455094
9160.335964,7142,51087.60199
8567.217718,7142,51165.492432
11738.212407,7142,51244.049628
11274.757994,7142,51321.094473
7421.469048,7142,51398.20787
9545.896194,7142,51476.281916
10431.765684,7142,51552.581145
125.636451,7142,51631.699502
8294.359002,7142,51710.521912
11387.804339,7142,51790.377234
10879.437365,7142,51868.428958
9939.971816,7142,51945.482603
11987.014462,7142,52022.5556
8069.217956,7142,52099.60622
11467.683456,7142,52175.699201
12081.13656,7142,52253.259264
12148.973438,7142,52330.081377
11043.039827,7142,52409.005505
11516.461181,7142,52485.833935
11921.803728,7142,52563.498019
11392.431544,7142,52642.390912
12793.526815,7142,52718.462978
10593.071836,7142,52798.04881
9952.373011,7142,52877.85596
11988.885598,7142,52954.61628
9847.87346,7142,53031.096749
12796.449108,7142,53107.988089
8332.146149,7142,53187.124573
4271.541674,7142,53265.286403
7748.614471,7142,53340.786645
12369.450486,7142,53415.802807
11952.516129,7142,53490.974069
10999.144234,7142,53566.290087
12845.045416,7142,53641.923611
12132.286443,7142,53718.208976
12393.409373,7142,53795.158649
9870.190169,7142,53871.804076
5017.238595,7142,53950.08589
6729.635792,7142,54027.379321
10845.996858,7142,54102.066974
8771.707926,7142,54178.319311
11798.500002,7142,54256.444913
12211.988473,7142,54334.449761
12278.691448,7142,54412.330434
9540.504101,7142,54490.542057
11259.683628,7142,54566.297559
8656.284587,7142,54642.657244
11614.109501,7142,54720.548758
10153.086038,7142,54798.372715
11727.362059,7142,54876.62775
11503.901485,7142,54952.557618
12060.445973,7142,55027.380616
9109.123011,7142,55104.582233
11281.573863,7142,55184.623932
12276.508968,7142,55260.936183
11133.38278,7142,55337.217718
8179.7742,7142,55413.239847
10778.03415,7142,55489.373607
11550.647725,7142,55567.119752
12112.066486,7142,55646.672382
9546.258878,7142,55723.938812
12864.216047,7142,55801.15424
9855.370249,7142,55877.761534
3282.872024,7142,55955.604522
4969.544615,7142,56033.680715
8319.906602,7142,56111.984964
12987.643865,7142,56189.7386
9697.09549,7142,56270.508722
8152.130372,7142,56346.754937
6901.928005,7142,56425.878833
11461.942403,7142,56501.598694
10745.388506,7142,56579.357869
12446.971461,7142,56658.919669
98.655321,7142,56739.097976
8897.438982,7142,56819.569105
8207.125284,7142,56897.385682
12412.221922,7142,56973.115763
11976.149041,7142,57048.32401
12438.324251,7142,57123.579934
12634.479465,7142,57198.189127
12831.47021,7142,57272.423517
8534.168921,7142,57348.26058
12480.082853,7142,57423.228289
11331.858048,7142,57500.409397
10509.163275,7142,57576.1919
8863.705342,7142,57651.865101
5614.589707,7142,57730.647251
5607.464599,7142,57811.201509
13248.868327,7142,57889.180798
8389.002115,7142,57969.635678
143.957142,7142,58051.03541
12429.368759,7142,58128.572314
11653.161338,7142,58205.372279
10382.410488,7142,58285.968848
9766.35246,7142,58364.619873
4897.85502,7142,58442.062821
10596.691733,7142,58520.024275
12663.040962,7142,58598.320108
11999.974003,7142,58679.074923
4210.355372,7142,58758.491254
11097.334673,7142,58835.442538
9097.881317,7142,58913.233771
8089.701491,7142,58992.043795
11729.195013,7142,59072.9766
9038.749175,7142,59155.024789
9327.354904,7142,59236.580353
12198.09922,7142,59314.936998
1342.434297,7142,59394.013251
11601.662056,7142,59473.70296
11377.942328,7142,59550.517144
11702.878083,7142,59629.090173
11083.078107,7142,59707.844951
11476.663414,7142,59787.208582
10795.037648,7142,59866.813106
11353.440721,7142,59944.82438
11715.874719,7142,60022.613932
11397.977123,7142,60101.092138
12084.684101,7142,60178.957734
11732.071879,7142,60255.648199
11686.375131,7142,60335.256461
8220.701432,7142,60415.832374
10781.674562,7142,60493.138087
10716.271218,7142,60570.266711
11439.138585,7142,60646.958153
11178.010267,7142,60724.052944
9790.826426,7142,60798.010806
9149.673708,7142,60876.921379
12162.823338,7142,60954.442114
7908.980507,7142,61032.609816
-68.339624,7142,61112.361963
11074.058381,7142,61189.504129
12245.2628,7142,61266.535259
9100.780612,7142,61344.366661
10948.124768,7142,61423.54754
11919.930432,7142,61501.239398
11654.754254,7142,61577.657549
12550.960028,7142,61659.356759
10925.88716,7142,61737.199134
10763.099276,7142,61814.618444
13054.735373,7142,61893.999295
10674.685438,7142,61972.535111
7630.252029,7142,62051.486144
12143.457882,7142,62129.640875
11852.399127,7142,62207.445101
10806.869022,7142,62285.33951
9723.823564,7142,62364.294889
9629.477958,7142,62443.839353
7218.391305,7142,62523.323652
12670.917045,7142,62601.412556
7445.476916,7142,62681.054873
10750.955167,7142,62759.318402
11745.42601,7142,62837.429551
11436.43405,7142,62915.710694
12735.092674,7142,62994.808806
12789.057087,7142,63073.620186
10063.046892,7142,63152.460505
13112.995056,7142,63229.898723
12338.600441,7142,63306.401237
8653.155153,7142,63385.96812
9866.450676,7142,63464.927744
11769.690924,7142,63542.640437
10091.058461,7142,63621.135625
2801.48195,7142,63700.284415
11685.293631,7142,63776.91584
10827.936223,7142,63856.392697
11109.500329,7142,63935.884888
9713.252084,7142,64013.544336
10515.758659,7142,64091.972635
9364.419144,7142,64165.660421
8953.923486,7142,64242.615696
12568.163937,7142,64318.68749
-266.842842,7142,64394.435781
11861.097508,7142,64469.700037
13132.344942,7142,64543.93085
515.724725,7142,64621.75056
9514.417157,7142,64698.00983
10630.416017,7142,64774.321878
10992.536371,7142,64850.570907
7322.829126,7142,64925.796673
11790.749611,7142,64999.571647
7627.059521,7142,65076.901776
5129.095601,7142,65155.059848
11839.945102,7142,65231.077715
7415.145156,7142,65306.370126
7727.341413,7142,65381.61965
12389.633647,7142,65454.731143
11599.92055,7142,65532.749103
-410.331992,7142,65611.293248
7498.941114,7142,65687.775744
12833.432892,7142,65765.164743
8903.306001,7142,65842.752396
12135.558308,7142,65918.697118
13362.763132,7142,65994.12299
10970.836602,7142,66069.187207
12161.625788,7142,66142.731608
12712.219425,7142,66217.941339
12403.900138,7142,66293.845317
12507.453229,7142,66370.233524
11520.906535,7142,66447.187874
10654.012001,7142,66523.141685
11192.023029,7142,66601.400899
12393.44439,7142,66688.151027
10936.763144,7142,66763.663598
6993.295716,7142,66841.394586
11504.275648,7142,66915.890668
12952.543531,7142,66991.173584
12767.527891,7142,67065.07656
10594.395111,7142,67140.335562
11020.778299,7142,67217.03962
6267.77544,7142,67293.705392
11924.272846,7142,67368.44363
9926.043988,7142,67442.878348
13122.511215,7142,67518.886951
3645.684055,7142,67593.880814
11395.640168,7142,67668.012316
7983.089339,7142,67743.47551
10580.74095,7142,67819.035616
11269.401004,7142,67895.232631
10449.811511,7142,67969.771965
11230.899062,7142,68044.251856
8598.613649,7142,68117.991134
6498.035497,7142,68195.520286
12779.485039,7142,68274.614621
11202.932396,7142,68351.139225
11004.796775,7142,68427.623241
12231.65616,7142,68503.007697
11952.48182,7142,68578.092255
11508.383761,7142,68654.13093
12282.56608,7142,68732.569628
10434.968109,7142,68810.212701
9543.732009,7142,68885.530715
12312.11202,7142,68961.278002
10372.66427,7142,69037.80278
5661.839324,7142,69113.492511
6909.293178,7142,69189.939346
11187.896229,7142,69263.748278
9668.579983,7142,69342.605223
6835.712083,7142,69419.51718
8210.099865,7142,69496.592637
9771.158161,7142,69576.336675
4648.488329,7142,69654.367752
11496.667,7142,69730.630627
10243.264167,7142,69806.401275
6900.386901,7142,69883.222642
9693.249318,7142,69957.271118
13635.109249,7142,70031.849239
8611.133134,7142,70106.544507
9781.855222,7142,70180.10305
12201.221469,7142,70255.072766
13449.827209,7142,70327.19442
6638.629361,7142,70401.336867
10630.129131,7142,70474.251064
9938.123238,7142,70546.564212
9577.842213,7142,70621.378497
12979.096675,7142,70695.567375
-1613.016637,7142,70771.203687
11743.575124,7142,70844.271869
10101.901583,7142,70917.710915
12024.540641,7142,70994.167492
12438.154348,7142,71067.74821
5557.002938,7142,71143.212156
12940.948836,7142,71218.522036
11457.279279,7142,71292.881448
9550.20484,7142,71366.100458
11822.692799,7142,71439.84279
7377.941388,7142,71517.384091
13035.341713,7142,71592.540889
9906.414912,7142,71668.781687
10636.544688,7142,71743.548036
10773.586631,7142,71817.380453
8451.694798,7142,71892.657743
10344.943556,7142,71968.072473
6490.692645,7142,72044.070358
7485.711945,7142,72119.024143
6480.891285,7142,72196.07513
10269.052814,7142,72273.1277
11089.545047,7142,72349.977116
11776.899347,7142,72424.603576
8040.200055,7142,72500.753393
13058.649483,7142,72575.639083
8354.205054,7142,72651.191393
8080.193502,7142,72727.844111
12560.859232,7142,72802.945925
11157.703764,7142,72877.637033
8576.170999,7142,72954.281699
7063.543386,7142,73030.710761
11016.138232,7142,73108.860562
11640.261007,7142,73182.608551
12957.136056,7142,73256.104284
9172.851779,7142,73333.256887
11915.078819,7142,73407.688815
2626.114681,7142,73484.137244
9608.326813,7142,73559.673872
11445.491403,7142,73634.466487
12120.880936,7142,73710.095442
12688.470724,7142,73786.082525
12348.749478,7142,73864.424441
9031.407891,7142,73940.491073
13011.277,7142,74014.855959
12912.884583,7142,74087.60514
13175.573814,7142,74160.475294
12664.218812,7142,74236.229542
9234.651358,7142,74312.531699
7455.78638,7142,74390.925812
8693.718021,7142,74466.23402
12607.177449,7142,74540.395584
5582.980234,7142,74615.999125
11636.076386,7142,74690.01388
6848.942563,7142,74766.134429
6488.998553,7142,74840.293659
9923.552188,7142,74916.123142
5783.401754,7142,74991.432335
8611.215592,7142,75065.240207
11217.92897,7142,75139.521907
11266.642101,7142,75213.94034
11740.635265,7142,75288.993735
11696.287669,7142,75363.99397
11729.50169,7142,75442.761729
9634.509071,7142,75520.158895
12194.157048,7142,75595.540693
11873.356542,7142,75672.611049
12390.75599,7142,75748.036085
4626.743923,7142,75825.577067
12671.265655,7142,75900.91036
11905.576371,7142,75977.370373
8203.959616,7142,76055.141628
13888.140411,7142,76129.251976
11317.495835,7142,76206.379979
12118.318514,7142,76283.001052
5995.830415,7142,76361.027374
6808.697914,7142,76435.504252
12173.045827,7142,76511.14455
13366.005566,7142,76585.731954
10236.434898,7142,76663.180407
7876.542457,7142,76740.669177
8925.85699,7142,76815.235944
13070.971237,7142,76890.640615
12975.719673,7142,76966.154032
2903.002215,7142,77043.235381
11779.527801,7142,77119.505494
13276.558903,7142,77193.848225
12905.22761,7142,77268.021557
9693.758285,7142,77341.663222
12291.592351,7142,77414.977415
9415.959842,7142,77489.804868
13730.483522,7142,77565.874295
12631.776107,7142,77640.619628
12694.880555,7142,77715.978343
12467.242008,7142,77790.821795
12658.083599,7142,77867.124629
9473.200533,7142,77943.774599
11921.241611,7142,78017.340817
11911.485684,7142,78092.176517
11974.269488,7142,78168.494662
8159.71304,7142,78242.704659
8196.161205,7142,78317.767092
8710.425506,7142,78391.167507
3486.004306,7142,78465.598563
12774.216151,7142,78540.619945
12393.893962,7142,78616.740245
12938.041615,7142,78693.828267
11245.998701,7142,78768.32807
12230.45644,7142,78843.051553
7735.395125,7142,78917.904171
10673.610374,7142,78993.313781
12501.267787,7142,79068.104184
9587.834956,7142,79143.205611
11532.838449,7142,79218.62312
6405.52743,7142,79295.818012
5034.077072,7142,79373.643298
12732.713215,7142,79449.598352
9945.730104,7142,79527.01137
12047.728555,7142,79604.441306
10989.392802,7142,79679.740267
11163.162131,7142,79754.31418
8064.515383,7142,79830.333867
11780.50302,7142,79904.780173
9494.051508,7142,79998.815862
-68.696705,7142,80078.719112
9894.331887,7142,80155.533979
12103.18863,7142,80230.111201
11948.500033,7142,80306.732882
12334.137196,7142,80382.358755
10206.768728,7142,80456.826329
12821.117245,7142,80531.818475
11072.309223,7142,80607.298671
12564.086654,7142,80682.160408
12038.693995,7142,80757.110774
9705.019724,7142,80831.723845
6133.442649,7142,80910.036935
13016.853466,7142,80983.661129
11409.381048,7142,81058.670688
11549.140364,7142,81134.182334
9455.019228,7142,81207.763567
7434.842331,7142,81285.629107
9970.565495,7142,81359.223073
9585.548917,7142,81435.316257
9932.073639,7142,81509.209072
11538.982987,7142,81582.137897
12386.5218,7142,81657.328075
11030.507237,7142,81732.681964
11896.516417,7142,81804.005503
11528.680955,7142,81877.489132
10719.326105,7142,81954.520214
5341.005913,7142,82030.850611
10082.216444,7142,82104.640895
10099.102996,7142,82178.72736
11918.872759,7142,82253.306669
9857.186782,7142,82327.95314
9490.821223,7142,82402.567994
8989.947053,7142,82477.006452
12137.512922,7142,82548.378105
11096.692586,7142,82622.309182
11476.732743,7142,82696.799025
11450.376676,7142,82772.320952
11683.046876,7142,82848.893998
12200.778897,7142,82923.556333
11897.764925,7142,82997.662177
12400.777612,7142,83072.7263
10943.360788,7142,83150.109389
4708.759326,7142,83226.376159
13612.26147,7142,83300.700717
13019.187691,7142,83375.852537
13361.449705,7142,83449.344802
9100.784336,7142,83526.530425
12803.612055,7142,83602.024453
2417.174253,7142,83676.376014
6938.416877,7142,83752.076303
10675.019704,7142,83826.762007
11928.62222,7142,83901.317433
8119.491012,7142,83976.365041
10058.43396,7142,84051.308515
13477.740286,7142,84122.462524
11431.099351,7142,84197.552118
11645.537188,7142,84273.456886
10339.240896,7142,84349.092947
9121.755431,7142,84424.522401
10790.036077,7142,84500.020912
11897.965346,7142,84574.358494
12992.888473,7142,84649.909456
7814.874125,7142,84724.468356
11048.262847,7142,84799.465493
12257.688482,7142,84870.792174
7940.327486,7142,84949.220959
3128.809859,7142,85024.74387
12696.646181,7142,85099.371209
12195.301121,7142,85174.107147
10891.520266,7142,85246.18512
11480.385791,7142,85320.32845
11843.407907,7142,85393.939366
11578.819064,7142,85468.640341
12322.748714,7142,85543.319042
10744.978026,7142,85618.503742
11891.656474,7142,85691.764365
9424.856172,7142,85766.848065
10779.235311,7142,85839.68309
11013.108819,7142,85913.613997
9887.226786,7142,85987.70936
-850.443714,7142,86063.927293
12724.935151,7142,86137.938933
11986.798611,7142,86213.471088
10205.900849,7142,86289.601964
12860.452665,7142,86364.762348
12113.682094,7142,86438.143614
11635.180513,7142,86513.245567
12165.67235,7142,86590.913406
12154.375649,7142,86666.178576
8694.431189,7142,86741.196202
12518.467298,7142,86813.840165
12097.918309,7142,86887.718238
11788.747463,7142,86961.817264
6864.952042,7142,87034.960757
12515.350097,7142,87108.924384
12772.586768,7142,87183.294534
10965.528539,7142,87258.050673
11647.23223,7142,87332.881094
10734.137202,7142,87407.888859
11650.576278,7142,87483.162121
10920.826163,7142,87558.100803
1597.193301,7142,87634.523554
9564.644553,7142,87711.419001
7481.726479,7142,87787.919695
10999.151758,7142,87862.015218
13270.550082,7142,87935.857553
11548.572023,7142,88011.150634
12182.534594,7142,88085.722491
6050.71803,7142,88164.197415
11492.11243,7142,88240.33696
11854.168786,7142,88317.186921
-1470.185518,7142,88393.420449
11621.69306,7142,88469.366175
11940.192827,7142,88544.164832
5581.669749,7142,88618.888954
11922.537711,7142,88696.033239
12678.328172,7142,88770.560797
9365.802438,7142,88846.949502
12323.635893,7142,88920.602232
12134.095755,7142,88994.225533
7055.431986,7142,89070.56375
8752.065934,7142,89144.731127
11617.41358,7142,89218.251298
11276.339748,7142,89292.109999
9542.29887,7142,89366.805387
10764.901618,7142,89441.273903
10464.287191,7142,89513.008623
10240.357016,7142,89590.731924
12714.492233,7142,89668.013967
11930.094421,7142,89744.520785
10815.958271,7142,89824.257124
11542.418171,7142,89900.769701
8296.32364,7142,89978.216394
10922.781415,7142,90055.521176
10173.558821,7142,90133.026117
11985.819789,7142,90210.912616
11610.681625,7142,90288.635401
11833.660694,7142,90364.107957
10831.780683,7142,90438.01953
8439.032233,7142,90510.678418
11299.562444,7142,90584.837488
11964.301955,7142,90658.873269
11532.982913,7142,90732.502031
10379.110007,7142,90807.143579
11948.806328,7142,90883.755037
10703.733714,7142,90958.185896
13110.611534,7142,91033.774808
11826.880486,7142,91107.202871
13338.25325,7142,91181.327508
11025.381267,7142,91252.569187
12048.958806,7142,91323.147527
10691.331709,7142,91395.394997
12640.695407,7142,91468.564417
13122.982359,7142,91540.76981
9956.829591,7142,91612.09024
5098.850802,7142,91684.092016
10077.962752,7142,91757.795324
10386.122456,7142,91830.832305
10407.574628,7142,91903.727266
11307.595999,7142,91976.340781
8084.329756,7142,92048.75453
11034.356194,7142,92122.116704
12944.307224,7142,92196.104857
487.09303,7142,92269.569849
9586.710075,7142,92341.026455
10949.968668,7142,92413.998066
8070.738436,7142,92487.651234
9818.809009,7142,92558.722212
12610.001634,7142,92631.790834
11000.21853,7142,92705.726534
11391.973983,7142,92780.448294
12027.411253,7142,92852.8539
13135.850428,7142,92924.500761
12044.545851,7142,92995.565819
9045.938947,7142,93066.723709
11845.995361,7142,93138.235955
10764.05861,7142,93210.90377
6820.786639,7142,93284.66359
12753.272676,7142,93356.135372
10656.254639,7142,93427.227315
12419.576921,7142,93497.460387
7360.470818,7142,93568.589614
13331.0266,7142,93638.809715
10819.81861,7142,93709.38901
6580.546559,7142,93785.253098
11952.785107,7142,93857.940001
11293.965272,7142,93927.902282
8932.609886,7142,93999.941023
12078.638349,7142,94073.892997
12428.05282,7142,94147.728783
11889.36606,7142,94218.728424
11261.222361,7142,94290.335743
11260.012406,7142,94361.573393
12232.812625,7142,94431.996952
11646.162546,7142,94505.641568
12681.940792,7142,94579.953516
13217.147801,7142,94652.070906
12100.451537,7142,94723.859806
9877.250192,7142,94795.525792
12534.654127,7142,94869.399864
11114.57312,7142,94942.64335
12297.587094,7142,95015.353316
12032.74536,7142,95086.788683
12539.389055,7142,95158.030905
10871.127972,7142,95228.700135
11585.155896,7142,95299.551882
9514.234683,7142,95372.793819
11704.912536,7142,95445.050236
10926.223326,7142,95516.995703
13441.705785,7142,95588.261925
13424.280468,7142,95657.236604
9590.621907,7142,95728.503942
8935.869322,7142,95800.233248
6222.893141,7142,95876.30521
11056.51768,7142,95948.678617
11438.66741,7142,96019.967607
11077.156603,7142,96090.057868
13382.115639,7142,96159.623699
9493.856092,7142,96233.863019
9287.094713,7142,96307.517779
12720.888248,7142,96379.061748
13164.785217,7142,96450.819841
11631.831157,7142,96522.040727
11732.159521,7142,96595.5593
12909.739031,7142,96671.83383
9579.329259,7142,96746.710986
4853.030417,7142,96821.163092
12112.353564,7142,96894.846784
12400.42048,7142,96966.887548
12809.028991,7142,97037.879416
11719.728332,7142,97109.659982
11960.494794,7142,97181.38176
-383.852288,7142,97256.716538
11885.3914,7142,97329.592546
10101.477906,7142,97401.747581
11380.488664,7142,97473.960492
11879.380226,7142,97545.351449
11358.888535,7142,97615.760782
9883.424644,7142,97687.136177
12592.856314,7142,97758.617395
6688.040176,7142,97832.040774
12623.303084,7142,97904.737477
12266.810849,7142,97976.294184
10813.250624,7142,98046.397435
12339.814444,7142,98118.395459
12190.888164,7142,98190.631893
12501.808401,7142,98263.9584
13325.623333,7142,98336.811842
9020.641446,7142,98409.975326
12884.484239,7142,98482.033266
9502.509434,7142,98554.890777
12042.766332,7142,98626.005707
12818.79156,7142,98697.488934
12841.284487,7142,98768.623007
12331.526411,7142,98838.511097
11240.676253,7142,98908.498699
12682.082038,7142,98978.714362
13083.608841,7142,99048.62987
11511.133334,7142,99120.119983
13103.19531,7142,99193.397538
12930.176874,7142,99265.055346
8721.990314,7142,99338.314847
12885.339443,7142,99408.369809
13616.07165,7142,99480.731541
6602.099176,7142,99552.721319
9421.362741,7142,99626.130669
12482.579702,7142,99698.020778
13158.824398,7142,99772.22419
11286.171034,7142,99843.856997
10615.879876,7142,99915.772964
12999.650814,7142,99986.109152
12572.487832,7142,100056.928222
10757.585577,7142,100128.517492
7276.385979,7142,100199.535184
12366.59627,7142,100271.764406
13185.012777,7142,100345.867091
12657.107253,7142,100416.899087
11419.341877,7142,100488.080436
11962.642038,7142,100557.820322
10849.118887,7142,100629.210506
13246.092401,7142,100700.84144
9195.788468,7142,100774.226228
12849.084696,7142,100848.361264
13583.429898,7142,100922.535818
12323.122565,7142,100996.550024
13144.42078,7142,101069.677926
11839.408652,7142,101143.750293
11173.022012,7142,101215.424392
12690.345574,7142,101287.826704
10827.691792,7142,101361.581338
10988.459438,7142,101434.578315
2631.766096,7142,101507.227363
10011.806919,7142,101578.254599
11541.209842,7142,101648.563823
13021.668942,7142,101719.987557
5086.805768,7142,101792.189329
13086.014369,7142,101864.564141
12366.141773,7142,101936.570407
12737.221181,7142,102009.236825
9293.944315,7142,102084.804321
12052.552407,7142,102156.142205
12381.136668,7142,102228.401306
13229.794287,7142,102301.090602
12057.010269,7142,102373.667604
10549.849456,7142,102447.868122
9595.195807,7142,102524.533317
11528.580837,7142,102597.881889
13280.122463,7142,102669.852712
11754.775927,7142,102741.95978
12839.070491,7142,102811.430954
4179.802041,7142,102886.408857
12738.523771,7142,102961.176128
10919.185034,7142,103034.230947
10704.658328,7142,103108.653755
12196.531368,7142,103180.399369
12866.371424,7142,103253.931794
13334.857139,7142,103325.765179
12366.540894,7142,103397.451682
10251.164116,7142,103469.489729
11125.48456,7142,103538.97067
-1684.853317,7142,103609.831886
10377.207926,7142,103682.030138
11053.55745,7142,103755.223228
10544.460822,7142,103829.528249
6190.625613,7142,103903.992862
12072.835839,7142,103977.201074
11986.974876,7142,104050.164381
13081.964757,7142,104121.884774
10028.463456,7142,104192.940836
12429.490009,7142,104264.350934
8255.250926,7142,104340.163028
9644.400123,7142,104413.296016
10741.714642,7142,104496.814189
12198.813101,7142,104606.624056
12685.336075,7142,104715.672154
10019.131794,7142,104827.720306
12259.878277,7142,104938.768122
12352.331496,7142,105050.035606
13048.834047,7142,105165.774698
11510.02876,7142,105284.531066
11587.861939,7142,105397.809961
13016.993911,7142,105515.865675
11340.756192,7142,105630.269022
11583.062727,7142,105743.788375
5753.802242,7142,105825.112899
8507.967841,7142,105899.695345
13726.502299,7142,105972.723012
12759.751002,7142,106043.902128
8746.337271,7142,106115.920927
13992.505883,7142,106189.213214
10440.228954,7142,106259.594986
11520.881332,7142,106332.103329
10033.167864,7142,106403.886008
12548.901657,7142,106475.102593
13462.405373,7142,106545.805732
12025.510674,7142,106618.681368
12987.378442,7142,106690.806556
9419.509677,7142,106762.380873
11059.238633,7142,106832.99205
12643.112267,7142,106903.379842
9411.166857,7142,106976.386731
12224.610475,7142,107052.243115
12038.212667,7142,107124.813818
12769.844975,7142,107198.294945
10009.473203,7142,107269.171227
10431.65616,7142,107339.463833
9268.4128,7142,107410.30539
11081.719228,7142,107482.919679
8967.995573,7142,107556.63194
7560.64452,7142,107630.245174
1756.318622,7142,107701.878372
7652.157449,7142,107772.297967
7820.212301,7142,107843.357799
1202.845756,7142,107913.987918
11565.494442,7142,107985.17099
12896.314056,7142,108056.975114
12796.762679,7142,108127.660232
10731.955814,7142,108201.777967
11915.798935,7142,108273.678919
10870.782413,7142,108344.643831
8838.838635,7142,108419.126343
10636.449599,7142,108492.478813
10847.634658,7142,108564.964339
13045.055635,7142,108637.2855
10975.288029,7142,108710.825916
12367.291982,7142,108783.833806
