#{"t_start": 1595830257.3274317, "env_id": null}
r,l,t
-782.04723,639,16.020358
-307.10143,153,18.550565
-583.530981,342,25.277115
-678.890198,582,36.635921
-365.508594,277,41.46433
-323.259377,233,46.021614
-300.400954,252,51.010909
-196.627953,76,52.640035
-325.922209,205,56.675802
-213.274783,72,58.209126
-217.400721,74,59.670447
-225.637807,76,60.894833
-217.461095,83,62.826245
-347.874165,175,66.512947
-221.585932,76,68.074793
-218.992252,77,69.31817
-288.816198,138,72.553207
-533.863715,370,80.586292
-426.050769,207,85.180462
-537.808775,303,91.712224
-778.26658,580,103.718949
-317.142758,304,110.891143
-258.904382,160,114.334636
-135.062222,58,115.913996
-132.152048,48,116.804006
-132.151924,48,118.206801
-134.346129,60,119.384339
-134.232198,60,121.045719
-134.527919,48,121.939089
-133.420519,46,123.421634
-129.37392,41,124.214886
-129.368686,41,125.351107
-128.22951,40,126.192578
-128.22951,40,126.952992
-127.275927,39,128.239085
-127.273899,39,128.940964
-127.273899,39,130.034536
-131.7782,44,130.926515
-131.7782,44,131.68667
-129.852413,41,133.052828
-128.634931,40,133.81823
-128.646044,40,134.989734
-128.136845,40,135.871911
-128.136845,40,136.680345
-128.76705,40,138.047558
-127.406228,39,138.803048
-127.40184,39,139.904502
-127.610287,39,140.720459
-127.610287,39,141.4039
-128.805613,40,142.579617
-128.74485,40,143.340659
-128.738267,40,144.316535
-127.5516,39,145.195735
-127.5516,39,145.941713
-128.826026,40,147.010539
-128.830134,40,147.821616
-127.569959,39,148.862632
-128.776245,40,149.673433
-128.776245,40,150.519251
-126.392955,38,151.502734
-127.445793,39,152.303302
-127.445793,39,153.131752
-127.593489,39,154.144729
-127.593489,39,154.910559
-127.504243,39,156.097133
-127.589086,39,156.823772
-127.589086,39,157.688099
-128.793195,40,158.79158
-128.793195,40,159.602117
-127.463155,39,160.812315
-128.712884,40,161.523162
-128.712884,40,162.318453
-127.522978,39,163.438473
-127.522978,39,164.139721
-127.52371,39,165.235301
-127.618212,39,166.094834
-127.618212,39,166.80453
-128.821796,40,167.950202
-127.536378,39,168.700608
-127.537487,39,169.799441
-127.52955,39,170.547099
-127.52955,39,171.371784
-128.624454,40,172.586179
-127.554635,39,173.345828
-127.555268,39,174.480338
-127.923529,39,175.364203
-127.923529,39,176.069495
-127.930996,39,177.110702
-128.692655,40,177.943695
-128.692655,40,178.666588
-127.551274,39,179.88059
-127.551274,39,180.70968
-127.573138,39,181.774357
-128.711279,40,182.607966
-128.711279,40,183.415791
-129.165543,40,184.585622
-129.165543,40,185.506253
-129.080006,40,186.671611
-127.573765,39,187.434919
-127.573765,39,188.268653
-128.586944,40,189.341585
-128.586944,40,190.108108
-128.58987,40,191.235249
-127.534198,39,191.938164
-127.534198,39,192.747682
-127.498204,39,193.910891
-127.418584,39,194.640889
-127.412153,39,195.940111
-128.925038,40,196.726807
-128.925038,40,197.512362
-128.596157,40,198.726062
-127.490699,39,199.464012
-127.490762,39,200.652287
-127.52048,39,201.385512
-127.52048,39,202.117959
-127.452717,39,203.353124
-127.780383,39,204.083208
-127.770729,39,205.19629
-127.61489,39,205.950716
-127.61489,39,206.691858
-127.554267,39,207.910689
-127.569895,39,208.775117
-127.569895,39,209.510394
-127.564302,39,210.8942
-127.564302,39,211.647726
-128.623344,40,212.792464
-127.627268,39,213.64012
-127.627268,39,214.350652
-127.787583,39,215.545101
-127.787583,39,216.307248
-127.776089,39,217.5032
-127.947501,39,218.320573
-127.947501,39,219.099465
-127.736825,39,220.155061
-127.994871,39,220.996979
-128.009594,39,222.166738
-127.813496,39,222.897814
-127.813496,39,223.640074
-127.839562,39,224.725647
-128.376245,39,225.455028
-128.376245,39,226.238048
-128.360004,39,227.523996
-128.360004,39,228.303278
-129.451031,40,229.554504
-128.656476,39,230.337452
-128.656476,39,231.177526
-128.562123,39,232.399626
-128.562123,39,233.121408
-128.636301,39,234.179336
-129.484527,40,235.082681
-129.484527,40,235.808863
-128.903568,39,236.929177
-128.903568,39,237.707914
-128.923097,39,238.758961
-128.381043,39,239.603055
-128.381043,39,240.358371
-128.500457,39,241.496636
-129.532814,40,242.343739
-129.565392,40,243.579285
-127.762381,38,244.347975
-127.762381,38,245.120892
-127.764902,38,246.203744
-127.764917,38,246.93031
-127.764917,38,247.681886
-127.708504,38,248.654683
-127.708504,38,249.404026
-128.905156,39,250.442365
-128.907769,39,251.163221
-128.907769,39,251.929512
-128.06275,38,253.005275
-128.970277,39,253.842659
-128.963438,39,254.924459
-128.096437,38,255.605765
-128.096437,38,256.351005
-128.091244,38,257.384382
-129.274315,39,258.12803
-129.274315,39,258.934921
-128.200743,38,260.093153
-128.200743,38,260.780766
-128.224125,38,261.792382
-128.362456,38,262.522043
-128.362456,38,263.199932
-128.280709,38,264.295229
-128.443084,38,264.991493
-128.443112,38,266.043923
-128.394596,38,266.889364
-128.394596,38,267.560915
-129.545152,39,268.771625
-129.462486,39,269.490252
-129.462486,39,270.15975
-289.388412,184,274.139901
-629.461314,508,285.02245
-618.785244,435,294.038196
-173.138424,98,296.231349
-406.035052,311,302.53332
-128.972391,38,303.256775
-128.971972,38,304.355035
-128.657908,38,305.01043
-128.657908,38,305.706015
-128.597272,38,306.762014
-128.595544,38,307.431579
-128.595544,38,308.110501
-128.402434,38,309.137081
-128.402434,38,309.856225
-128.400935,38,310.92394
-128.217504,38,311.759412
-128.217504,38,312.466525
-129.215144,39,313.524154
-129.199624,39,314.342843
-129.203035,39,315.382477
-130.317248,40,316.063695
-130.317248,40,316.902176
-129.214154,39,318.007604
-129.183507,39,318.770185
-129.183507,39,319.989016
-128.088272,38,320.705444
-128.088272,38,321.453122
-128.030867,38,322.685094
-129.143755,39,323.389479
-129.143755,39,324.18255
-129.091871,39,325.242901
-129.10325,39,325.914303
-129.095762,39,327.00259
-122.065831,30,327.477442
-122.065831,30,327.947185
-122.065831,30,328.38834
-305.92235,147,331.156681
-455.773785,222,335.07362
-316.14169,149,338.010323
-315.809723,148,340.674212
-459.519304,239,345.256537
-308.289289,149,347.872128
-320.792842,151,350.886103
-323.656395,151,353.567366
-323.359763,152,356.569865
-236.21306,86,357.909773
-318.396521,151,361.081928
-325.492948,155,363.856309
-329.635521,155,367.005444
-236.365391,92,368.748574
-317.901667,152,371.453823
-233.762702,90,373.065608
-330.896523,152,375.999549
-329.074259,153,378.64318
-242.224657,103,380.583661
-333.736601,153,383.631492
-671.991777,454,392.726977
-322.834038,152,395.464125
-323.680671,152,398.850656
-330.434635,155,401.529895
-311.989433,182,405.282416
-323.990885,151,407.99258
-317.379986,171,411.474455
-318.54117,167,414.755552
-313.714183,155,417.522228
-671.92502,383,424.936449
-594.023228,403,433.525199
-319.401507,160,436.605958
-328.654496,167,439.996253
-117.316359,29,440.522211
-117.316359,29,441.032608
-117.316359,29,441.510149
-117.337575,29,442.482391
-117.389353,29,443.04459
-117.389353,29,443.528871
-117.431188,29,444.437434
-239.45755,106,446.450201
-117.301727,29,446.950279
-117.301727,29,447.451886
-117.301727,29,447.973658
-346.405863,166,451.221557
-346.387503,185,454.902845
-248.624221,106,456.86447
-264.152982,111,458.904685
-239.759202,102,460.896563
-117.566753,30,461.398028
-118.103009,32,462.383032
-117.628002,31,462.998268
-117.628002,31,463.502807
-117.343959,29,464.326298
-341.246658,178,467.619471
-327.264742,179,471.331983
-333.465869,175,475.101884
-542.722517,340,481.612726
-352.786075,166,484.612391
-331.434898,176,488.111842
-327.436159,177,491.625309
-116.945504,29,492.083639
-116.945504,29,492.619373
-116.945504,29,493.081291
-117.026469,29,493.882874
-117.026469,29,494.330865
-117.026469,29,494.772942
-117.094828,29,495.658501
-117.17247,30,496.183295
-117.17247,30,496.683689
-117.722493,32,497.570438
-242.571485,101,499.458004
-116.837686,28,499.917497
-116.837686,28,500.426444
-116.837686,28,500.90247
-117.110409,29,501.781752
-117.014527,29,502.230441
-117.014527,29,502.731511
-116.992464,29,503.651302
-117.070074,29,504.121637
-117.070074,29,504.561174
-117.070074,29,505.039063
-116.980019,29,505.945586
-116.980019,29,506.427227
-116.980019,29,506.87199
-117.443177,31,507.796286
-117.745736,32,508.403928
-117.745736,32,509.002927
-117.442913,31,509.908362
-358.214111,166,512.573462
-117.098092,29,513.421001
-361.219036,167,516.276792
-242.883745,100,518.207682
-559.236428,304,523.79453
-234.010365,96,525.495531
-125.740542,40,526.614518
-136.475618,47,527.447339
-136.479969,47,528.730307
-131.469379,41,529.542192
-131.469379,41,530.35517
-130.512487,40,531.443242
-130.458004,40,532.115149
-130.462648,40,533.17977
-129.253108,39,533.904721
-129.253108,39,534.576745
-130.435814,40,535.780785
-129.263311,39,536.50075
-129.263298,39,537.550808
-129.26613,39,538.318477
-129.26613,39,538.984743
-129.337765,39,540.011367
-129.340308,39,540.705959
-129.340308,39,541.450113
-130.502691,40,542.451271
-130.502691,40,543.250808
-129.358184,39,544.370527
-129.372184,39,545.044252
-129.372184,39,545.797211
-129.470664,39,546.957939
-129.470664,39,547.689703
-129.48099,39,548.771254
-128.345771,38,549.591457
-128.345771,38,550.320541
-128.474078,38,551.398514
-129.641053,39,552.192519
-129.623959,39,553.259374
-130.672413,40,553.968208
-130.672413,40,554.774674
-129.495958,39,555.968891
-129.494193,39,556.705271
-129.494193,39,557.429391
-129.485918,39,558.458704
-129.485918,39,559.12633
-129.454192,39,560.145686
-129.448615,39,560.951651
-129.448615,39,561.682202
-129.39047,39,562.809468
-129.39047,39,563.510011
-129.382347,39,564.601626
-130.552038,40,565.37321
-130.552038,40,566.295973
-130.482381,40,567.637446
-130.526201,40,568.396385
-129.357174,39,569.434905
-129.357471,39,570.301415
-129.357471,39,570.985485
-129.418081,39,571.985186
-130.563467,40,572.791717
-129.41775,39,573.921366
-129.380617,39,574.679666
-129.380617,39,575.439015
-128.159909,38,576.53336
-129.387226,39,577.234037
-129.387226,39,578.357239
-129.412955,39,579.034549
-129.412955,39,579.768909
-130.514994,40,580.914747
-130.534064,40,581.604906
-130.534064,40,582.313957
-130.523006,40,583.571734
-130.523006,40,584.316402
-129.400198,39,585.557696
-129.407209,39,586.330313
-129.407209,39,587.05544
-129.428269,39,588.135082
-129.428269,39,588.881828
-129.503794,39,589.966611
-129.35423,39,590.730579
-129.35423,39,591.447603
-138.229407,48,592.837941
-135.905229,45,593.827888
-129.235951,39,594.973099
-130.395506,40,595.733806
-130.395506,40,596.881256
-129.168778,39,597.706004
-129.168778,39,598.380783
-309.127627,205,602.887826
-555.813275,399,610.496392
-117.268348,30,611.305831
-117.439366,31,612.010285
-117.439366,31,612.587277
-117.443132,31,613.456947
-117.268149,30,613.928637
-117.268149,30,614.558858
-117.268149,30,615.117272
-117.450626,31,616.021127
-117.450626,31,616.533079
-117.450626,31,617.119862
-117.268095,30,618.014672
-117.268111,30,618.479953
-117.268111,30,618.972616
-117.452346,31,619.973933
-117.269093,30,620.633561
-117.269093,30,621.159199
-117.453515,31,622.077883
-117.525405,31,622.687467
-117.525405,31,623.231787
-117.525405,31,623.729219
-3465.809092,3571,701.062794
-117.356,30,701.594519
-117.144709,29,702.56716
-117.144709,29,703.092454
-117.144709,29,703.593977
-117.319055,30,704.477952
-117.315426,30,705.0476
-117.315426,30,705.630548
-117.310704,30,706.441319
-117.310179,30,707.133952
-117.310179,30,707.651375
-117.310179,30,708.190307
-117.302111,30,709.239477
-117.302111,30,709.808619
-117.302111,30,710.336996
-117.305769,30,711.274393
-117.427505,30,711.889133
-117.427505,30,712.400714
-117.426563,30,713.254058
-117.338446,30,713.827549
-117.338446,30,714.551164
-117.338446,30,715.104129
-117.308086,30,715.974155
-117.306239,30,716.600543
-117.306239,30,717.173753
-117.344889,30,718.125168
-117.519173,31,719.039856
-117.519173,31,719.993259
-117.332921,30,721.064035
-117.289559,30,721.651271
-117.289559,30,722.246749
-117.289559,30,722.876464
-117.316337,30,723.858376
-117.316337,30,724.503666
-117.316337,30,725.131752
-117.485941,31,726.166232
-117.319198,30,726.864404
-117.319198,30,727.426893
-117.318804,30,728.484034
-503.465441,369,735.912334
-346.799117,208,740.333746
-136.593036,49,741.716372
-251.220038,111,744.118248
-212.557068,116,746.599009
-332.7801,199,750.849434
-528.425216,444,760.316369
-136.00928,47,761.238898
-136.00928,47,762.111813
-137.22192,48,763.537941
-137.22192,48,764.375842
-135.80936,48,765.710876
-135.087689,48,766.748399
-140.34224,55,768.335564
-468.579056,403,777.494221
-747.562586,516,788.42113
-117.20129,28,788.99746
-212.187776,268,795.964569
-582.464833,430,804.680093
-1860.604141,1665,840.554103
-117.138647,28,841.119354
-117.490976,29,842.182287
-551.562682,1052,868.695204
-1988.821867,1764,905.961877
-598.386186,405,914.531765
-1266.019836,1181,940.133718
-117.638396,30,940.6996
-117.638396,30,941.329808
-117.638728,30,942.282849
-117.441719,30,942.853805
-117.441719,30,943.400139
-117.441719,30,944.07074
-117.523958,30,945.017399
-117.529935,30,945.651845
-117.529935,30,946.221698
-117.523625,30,947.16888
-117.39475,30,947.789448
-117.39475,30,948.329192
-117.393052,30,949.318875
-117.438877,30,949.979292
-117.438877,30,950.561329
-117.438877,30,951.108047
-236.759774,98,953.24421
-554.550723,424,962.014778
-117.583429,31,962.661983
-117.583429,31,963.224908
-117.405102,30,964.265599
-184.193363,188,968.72864
-1488.639903,1309,996.802225
-398.040456,231,1001.226774
-117.446996,30,1001.836947
-117.446996,30,1002.429558
-981.795249,878,1020.841394
-117.510265,30,1021.770786
-117.486528,30,1022.310172
-117.486528,30,1022.989154
-117.486528,30,1023.622556
-117.398771,30,1024.62929
-117.61319,31,1025.212811
-117.61319,31,1025.927158
-117.576968,31,1026.913095
-117.602532,31,1027.521804
-117.602532,31,1028.153761
-117.592643,31,1029.191279
-117.594534,29,1029.76601
-117.594534,29,1030.322184
-117.594534,29,1030.891933
-728.750455,516,1041.842012
-311.031791,177,1045.416644
-1028.403778,2181,1108.827688
-655.394341,3571,1227.331719
-612.718544,434,1238.79408
-371.738377,331,1248.120087
-3623.11837,3571,1340.33068
-395.388778,359,1350.401773
-516.903508,378,1360.266549
-126.419259,38,1361.172491
-126.419259,38,1362.037304
-1028.484631,911,1386.214767
-1479.105948,1460,1423.229652
-2537.330187,2256,1482.083688
-286.652782,222,1488.084689
-875.090184,653,1503.872372
-378.510569,241,1510.426909
-598.182598,501,1523.557246
-464.573994,667,1542.709725
-1740.853605,2093,1600.987572
-189.036631,128,1604.99113
-217.347938,188,1610.413047
-2280.402742,2150,1667.0932
-232.597805,193,1672.501075
-562.992151,470,1684.533153
-756.875781,740,1703.577968
-188.568168,134,1707.159537
-183.892694,141,1711.394345
-189.263401,136,1715.095326
-195.188669,145,1719.612288
-3564.073924,3571,1812.237238
-3478.503197,3571,1905.187486
-1036.834825,1005,1931.541692
-708.355717,620,1947.952529
-256.276125,152,1952.167043
-640.975401,465,1963.446795
-955.27345,801,1984.355462
-412.200153,327,1992.350305
-2065.601547,1998,2044.084879
-1103.186951,999,2070.732522
-275.305216,196,2075.710233
-1976.169497,1810,2122.805668
-2500.638064,2406,2186.051512
-1004.124083,868,2208.499414
-214.843127,183,2213.179862
-191.583345,144,2217.284359
-2856.377471,3007,2299.028229
-426.479804,356,2308.169606
-1015.517681,1009,2335.423254
-3327.283542,3306,2420.902094
-825.108195,814,2442.17736
-335.680602,333,2450.941137
-769.957712,748,2471.078959
-224.223901,201,2476.433403
-244.797363,231,2482.868341
-1853.777914,1988,2535.906812
-1420.893373,1660,2581.361673
-197.151387,127,2584.757196
-315.938017,322,2593.043915
-2758.025324,2665,2662.652896
-674.567178,532,2675.874512
-908.285405,1013,2702.687884
-415.108516,478,2715.497738
-685.568195,607,2731.291062
-177.785356,107,2734.142882
-190.889493,132,2737.685199
-204.021792,137,2741.703817
-1277.331555,1175,2771.701591
-780.537767,1015,2800.461154
-2072.983601,2411,2865.868116
-2473.615995,2577,2933.297988
-174.330509,101,2936.082155
-717.029257,717,2955.441375
-990.211054,821,2976.890077
-997.73854,1044,3003.453857
-998.437258,969,3028.641606
-599.774044,661,3045.594558
-203.630459,131,3049.266459
-960.91237,1029,3076.787548
-305.958271,231,3083.054019
-348.224711,368,3093.299892
-1069.468606,1081,3122.424435
-2393.17585,2812,3197.268595
-1057.799936,929,3222.105922
-503.815768,373,3231.807281
-1698.746562,1389,3266.254244
-1777.047559,1769,3311.883325
-755.291187,632,3328.50961
-462.545343,454,3340.885035
-1309.044687,1175,3371.923497
-520.030968,443,3383.536578
-364.644963,357,3392.507104
-1269.921193,1135,3423.464748
-1476.694431,1257,3455.201003
-439.949345,309,3463.012488
-1095.523484,1040,3491.062181
-422.860939,295,3498.533212
-1168.741924,1035,3525.814374
-398.218804,289,3533.604225
-608.726427,558,3548.611001
-1124.072095,855,3570.171361
-1783.520993,1640,3612.373695
-528.647082,493,3624.68525
-599.380912,608,3639.961522
-404.192522,337,3648.548383
-381.265993,315,3656.515338
-275.796379,249,3662.945818
-1354.617527,1422,3701.739084
-818.791806,711,3720.227471
-2685.243818,2735,3793.698725
-577.167584,523,3807.631536
-745.15393,699,3825.469787
-350.469411,255,3832.218406
-1740.240085,1275,3864.991019
-446.214221,332,3873.215416
-2403.043165,1893,3921.619671
-138.890412,62,3922.967742
-255.490714,180,3927.904648
-703.868654,650,3945.103787
-261.02806,171,3949.083128
-138.733964,61,3950.882976
-138.753045,61,3952.522463
-143.237327,74,3954.433357
-138.278557,60,3956.314841
-646.079532,432,3966.514249
-138.34634,62,3968.498602
-137.904392,60,3970.495557
-332.401905,209,3975.398457
-138.820288,61,3976.773885
-360.049485,288,3984.365844
-317.810868,207,3989.726859
-287.842336,245,3996.327504
-139.110382,63,3997.723449
-2177.907121,1888,4047.313333
-986.927496,918,4071.515014
-136.186364,49,4073.089386
-1362.950775,1429,4110.64548
-883.417646,828,4132.369801
-294.475655,205,4137.741919
-137.882304,60,4139.613487
-137.888864,60,4141.420246
-396.086617,586,4158.83338
-1076.395946,1009,4184.990158
-572.285631,439,4196.676854
-649.43629,573,4211.901033
-138.868295,65,4213.549589
-137.502931,54,4215.35096
-138.520199,61,4217.30819
-138.066176,55,4218.468479
-137.681272,54,4219.978522
-137.829156,60,4221.540037
-137.634077,59,4223.464118
-830.997055,795,4244.004834
-412.988327,332,4252.261685
-1443.108661,1512,4292.540984
-557.482926,454,4304.208846
-1619.718747,1260,4336.475334
-191.322143,121,4340.250386
-1003.367645,1065,4367.732617
-139.662582,65,4369.504956
-138.448596,63,4371.025609
-256.696769,184,4375.749184
-139.164706,64,4377.77371
-137.0574,52,4379.028033
-884.208013,567,4393.104965
-139.408279,63,4395.093914
-284.424964,199,4400.483395
-526.669559,419,4411.341831
-292.305172,219,4417.195565
-135.461732,47,4418.777152
-139.064763,61,4420.366574
-139.482301,61,4422.257024
-301.30855,204,4427.323792
-395.281229,327,4435.499531
-136.528242,50,4437.269852
-478.488266,374,4447.407997
-779.504372,535,4460.785907
-714.967954,617,4476.837231
-716.787918,586,4491.35827
-364.750996,287,4498.677055
-138.266445,64,4500.216102
-561.016204,498,4514.044669
-138.713586,60,4515.930181
-138.487547,62,4517.299675
-516.495389,466,4530.053333
-768.556534,757,4550.651818
-136.039672,49,4551.824598
-134.791772,47,4553.28124
-138.598538,61,4554.634121
-469.92525,379,4564.692784
-995.905474,864,4587.544144
-440.762718,337,4596.197807
-138.783438,61,4598.138469
-253.130803,173,4602.233817
-135.392184,47,4603.764609
-135.91491,48,4604.825685
-135.817528,48,4606.735999
-135.787838,48,4607.862639
-2178.582827,2040,4659.268426
-135.380847,47,4660.462935
-135.445559,47,4662.014685
-1265.241535,1053,4688.907146
-136.678677,49,4690.554989
-135.554077,47,4691.870214
-135.568029,47,4693.465828
-139.300488,64,4695.178486
-139.712554,65,4697.298655
-138.68461,65,4699.320989
-139.523394,61,4700.784482
-134.734589,47,4702.22029
-139.292369,62,4703.631591
-138.733279,61,4705.747301
-791.240663,535,4718.521482
-137.500611,51,4720.081017
-746.10247,592,4735.484024
-138.033306,62,4736.902632
-138.289033,63,4738.940761
-523.384169,443,4750.257
-139.977437,63,4752.187985
-135.27263,47,4753.474958
-136.594521,49,4755.270905
-136.594521,49,4756.439559
-140.274777,64,4758.622722
-896.174625,793,4779.764127
-135.407675,47,4780.827416
-379.397854,244,4787.127444
-136.624305,49,4788.499555
-136.989527,50,4790.092376
-140.009048,65,4791.995341
-136.660113,49,4793.22406
-136.660113,49,4794.723173
-134.402098,46,4795.872781
-134.402098,46,4797.057886
-139.122034,64,4799.508143
-139.104731,65,4801.406279
-135.950578,48,4802.556331
-135.237872,47,4804.022757
-136.486067,49,4805.284074
-135.252637,47,4806.819563
-136.158037,48,4807.937651
-136.163605,48,4809.409589
-135.740595,48,4810.581729
-135.735973,48,4812.221902
-263.66016,176,4816.345515
-637.210587,557,4831.121029
-136.273709,49,4832.192697
-136.125479,48,4833.834379
-136.103157,48,4835.003294
-129.433176,40,4836.341607
-129.464983,40,4837.265621
-129.46159,40,4838.494958
-243.1932,180,4842.81832
-134.659361,46,4844.333071
-134.659389,46,4845.378046
-871.00424,772,4864.985211
-137.673508,53,4866.141231
-135.53701,48,4867.706902
-135.53701,48,4868.949854
-731.250429,659,4886.600926
-138.361127,55,4888.241563
-139.92564,64,4889.808912
-138.837671,63,4891.681985
-139.479666,68,4893.910627
-1333.159857,1338,4928.624135
-136.697733,49,4929.83996
-136.658731,49,4931.472827
-136.66166,49,4932.812784
-136.432484,49,4934.295027
-136.553542,49,4935.435346
-136.445484,50,4937.165696
-138.66344,64,4939.165376
-136.770493,49,4940.226163
-136.770493,49,4941.496493
-137.312537,49,4942.889253
-137.312537,49,4944.006122
-135.74564,47,4945.440462
-135.74564,47,4946.427476
-136.119801,48,4948.067041
-136.112861,48,4949.157405
-136.435386,48,4950.713707
-137.112487,49,4951.755469
-140.63515,61,4953.720034
-140.668617,61,4955.506574
-137.023075,49,4956.558687
-136.50209,48,4958.095869
-136.11395,48,4959.242911
-136.11395,48,4960.42714
-136.31407,48,4962.025166
-136.31407,48,4963.036108
-522.515467,409,4973.679915
-137.53959,53,4974.971777
-137.468313,53,4976.67366
-139.829244,63,4978.088823
-135.402496,47,4979.601746
-135.348697,47,4980.737937
-141.906917,74,4983.014456
-139.443693,55,4984.496548
-141.396537,62,4986.478601
-136.625381,48,4988.066133
-135.440504,47,4989.213846
-135.440504,47,4990.850842
-136.241456,48,4992.055753
-136.241456,48,4993.33843
-447.299329,308,5001.320641
-135.740105,47,5002.407468
-135.740105,47,5003.544276
-136.743742,49,5005.04377
-136.743742,49,5006.278118
-309.354623,268,5013.403901
-136.437952,49,5015.027077
-136.170276,48,5016.074146
-135.525355,47,5017.501441
-136.238085,48,5018.592282
-136.749012,49,5019.906404
-136.948478,49,5021.178798
-136.435235,48,5022.478577
-135.7482,47,5023.638213
-135.7482,47,5024.919841
-136.213637,48,5026.508986
-136.213637,48,5027.524955
-139.608887,66,5029.695636
-565.144339,505,5042.625447
-136.108799,47,5044.161016
-136.042615,47,5045.309324
-136.043099,47,5046.99455
-136.166187,47,5048.268153
-136.166187,47,5049.332455
-135.737738,47,5050.812649
-135.737738,47,5051.860963
-136.28994,48,5053.486452
-136.28994,48,5054.566835
-473.177878,375,5065.037617
-135.765592,47,5067.194104
-849.490497,743,5086.421752
-135.381511,48,5087.96579
-462.506545,329,5095.92485
-137.744281,54,5097.426287
-134.403217,47,5099.09536
-135.212616,48,5100.347973
-135.439346,49,5101.983525
-373.184235,283,5109.32714
-134.981919,46,5110.445919
-135.565086,47,5111.978929
-136.575146,48,5113.128727
-136.575146,48,5114.628476
-134.913662,46,5115.638584
-134.913662,46,5116.658314
-345.00679,267,5123.635814
-134.897096,47,5125.237809
-134.736387,46,5126.48846
-134.736387,46,5127.529772
-227.708971,162,5131.873303
-142.398698,72,5133.990893
-335.510561,316,5142.739737
-135.345215,48,5144.053918
-907.019338,866,5167.07749
-198.811908,128,5170.674825
-135.865547,47,5172.107322
-136.511653,48,5173.19019
-135.956824,48,5174.710607
-135.944729,48,5176.166336
-138.830535,55,5177.921631
-360.56015,341,5187.894935
-1209.005998,1061,5213.94679
-194.041496,132,5217.741272
-135.118833,48,5219.423387
-134.416758,47,5220.544544
-438.118152,384,5230.746174
-138.874888,56,5232.525397
-1342.427239,1218,5263.880731
-1272.120677,842,5283.742303
-778.057171,561,5297.303988
-753.766826,660,5315.317146
-375.086813,270,5322.443369
-842.273714,693,5340.652329
-2585.474083,2525,5406.075728
-135.112673,49,5407.783649
-135.570194,50,5409.071026
-134.940599,49,5410.708119
-135.998994,51,5411.986301
-136.349564,51,5413.728665
-134.601565,48,5414.952517
-133.834185,47,5416.461971
-315.990345,291,5424.780545
-1038.26108,902,5448.911752
-135.293719,49,5450.136727
-134.64845,48,5451.74775
-134.35004,48,5452.835937
-134.380086,48,5454.52668
-134.673935,48,5455.657531
-134.673935,48,5457.341908
-135.240785,48,5458.375395
-135.240785,48,5459.48913
-135.221861,49,5461.084151
-135.221861,49,5462.30255
-134.669033,49,5463.92233
-134.669033,49,5465.208625
-349.087195,271,5472.743593
-134.890261,48,5474.307456
-136.953145,54,5475.68965
-335.212494,259,5483.054052
-270.247392,146,5486.938027
-306.743837,220,5492.718267
-133.98038,48,5494.389895
-133.985254,48,5495.499662
-1123.119102,950,5520.370316
-1826.838978,1533,5559.485252
-195.081531,152,5564.363828
-320.987484,225,5570.145909
-455.45559,321,5578.575486
-677.379011,607,5594.086466
-183.086865,130,5598.48173
-134.832099,49,5599.774623
-134.285107,48,5601.257518
-1666.598498,1546,5640.569622
-349.343971,349,5649.672598
-855.614017,565,5663.287291
-138.114645,55,5665.148188
-1955.779956,1435,5700.941719
-1106.385309,890,5723.92165
-369.529283,406,5735.383321
-724.730199,737,5755.279542
-135.290798,50,5757.035253
-135.359857,50,5758.200678
-1077.798039,949,5782.402604
-385.253272,331,5791.305651
-138.050222,55,5793.079444
-425.348003,319,5801.201925
-550.999015,464,5814.084271
-136.051599,50,5815.614564
-136.083938,50,5817.534062
-501.460455,460,5829.767517
-135.244726,49,5831.373781
-879.484609,767,5851.070459
-688.587398,540,5866.312027
-1111.175196,768,5884.674574
-298.257032,226,5891.182386
-448.435328,333,5899.194683
-459.75312,345,5908.138541
-195.687404,161,5912.56828
-515.895785,426,5923.123013
-567.799327,507,5936.753501
-137.653622,54,5938.702189
-137.665277,54,5940.218532
-136.160419,50,5941.86011
-136.160419,50,5943.206221
-346.984545,262,5950.613836
-412.243104,353,5960.388299
-342.777244,235,5966.340095
-292.567881,216,5971.689325
-135.659922,49,5973.169135
-322.04308,200,5978.458745
-742.330367,624,5994.983358
-337.317327,257,6001.871871
-372.305905,247,6008.616832
-489.485681,376,6018.205726
-725.710204,843,6040.479069
-136.385814,50,6042.19303
-430.66016,322,6050.772907
-655.917582,551,6064.503054
-1033.663697,816,6084.582686
-2008.237985,1708,6129.973976
-309.302601,206,6135.252105
-964.702546,723,6154.607696
-613.115318,498,6167.40157
-937.282004,839,6189.03914
-311.120991,220,6195.113278
-300.617663,200,6200.112245
-1048.53309,932,6225.277584
-491.739792,332,6233.687799
-743.573929,644,6250.69231
-326.018499,223,6257.048731
-1255.580877,1110,6285.262975
-590.470384,515,6299.092959
-270.281031,139,6302.821937
-309.859439,233,6309.360607
-611.269713,537,6324.146637
-1393.282393,1199,6354.98901
-1802.188534,1393,6391.19544
-371.855592,321,6400.041404
-201.934576,129,6403.135416
-427.663218,336,6412.82616
-1009.3463,792,6434.73121
-1056.166387,702,6452.060202
-456.365982,352,6461.437303
-1588.911308,1243,6493.547412
-228.060402,210,6499.266565
-200.24997,143,6502.852811
-766.88186,826,6524.460259
-180.480017,127,6528.16784
-216.263855,196,6533.807522
-1021.555768,1037,6561.345865
-203.350973,145,6565.448923
-754.231806,918,6590.297687
-201.231928,152,6594.556466
-544.660023,439,6607.468424
-1239.437906,1271,6641.573673
-389.11042,350,6652.184274
-929.141836,735,6671.59069
-1106.995571,939,6696.961684
-2444.753625,3114,6784.712582
-1527.311681,1141,6814.099639
-823.720322,742,6834.362142
-1583.789686,1347,6871.183537
-342.137439,267,6879.396878
-206.954412,143,6883.267867
-330.449562,212,6889.149312
-1174.472183,998,6915.979763
-1545.23178,1330,6951.631961
-385.360802,329,6960.484676
-686.889575,666,6978.639894
-349.236661,366,6989.735651
-280.966767,195,6995.306809
-197.737228,157,6999.817178
-321.824865,276,7006.83302
-678.550494,513,7020.382585
-930.306776,787,7042.143478
-2158.281579,2184,7103.959131
-180.641586,91,7106.490849
-1953.384063,2583,7186.220847
-2480.490595,3222,7283.047589
-952.478681,839,7306.570622
-2544.977433,2452,7375.906097
-1761.826937,2721,7462.922294
-868.20176,1183,7500.252912
-2215.967695,2305,7563.539938
-1412.235667,1539,7607.375933
-581.669973,488,7619.945766
-490.691435,447,7633.093792
-585.423389,571,7649.179786
-2096.70441,2038,7705.703323
-385.617814,275,7713.572729
-216.226648,148,7717.44598
-695.986352,663,7736.610987
-228.961694,138,7740.185931
-1574.267242,1521,7782.446527
-802.603155,567,7797.316963
-477.953624,386,7807.69076
-713.165797,627,7824.516066
-690.218609,491,7837.142859
-491.077617,418,7848.702685
-676.599508,618,7866.046433
-248.136654,147,7869.730451
-500.626366,410,7881.182547
-1410.926932,1259,7916.374166
-1179.718659,1035,7944.971496
-201.684055,120,7948.42601
-507.638243,387,7959.632844
-740.653817,656,7978.33151
-241.745447,174,7983.188644
-478.254397,392,7994.363529
-208.602051,102,7996.926878
-1151.102153,1132,8029.235058
-543.049995,641,8047.70934
-370.504841,285,8056.033066
-272.346062,189,8061.59178
-411.129531,319,8071.206842
-257.252806,183,8076.418818
-395.245484,583,8093.310908
-425.26175,385,8103.94726
-1039.062108,1005,8132.844656
-625.619909,718,8153.79845
-656.057717,581,8169.056745
-170.659658,95,8171.808358
-237.041695,170,8176.599026
-1215.854355,1542,8222.366928
-1200.25519,1322,8259.656757
-234.110629,150,8263.492787
-361.103216,284,8271.621114
-1825.28059,2166,8333.796992
-721.724105,697,8353.944535
-804.151187,739,8374.456841
-669.799943,600,8391.417563
-440.189302,422,8403.244295
-192.825076,106,8406.89066
-966.238714,1077,8437.244138
-592.029465,520,8451.032138
-186.116982,103,8454.341659
-411.586112,336,8463.393686
-860.027169,781,8485.148921
-197.164304,107,8488.244853
-1369.522088,1509,8530.88371
-1197.913685,1088,8560.199942
-375.256665,274,8567.789606
-3383.987923,3571,8668.06145
-312.565135,208,8674.028224
-1288.19229,1365,8713.447237
-363.458078,216,8719.025695
-424.55775,444,8733.652742
-274.455939,153,8738.047839
-382.358602,259,8744.90867
-817.493615,909,8770.515175
-814.264421,681,8788.904353
-456.290161,396,8799.418535
-480.00864,325,8808.771419
-859.799922,952,8836.062863
-663.030795,516,8849.972579
-236.324766,131,8854.116731
-489.821488,371,8863.70709
-335.250888,208,8870.070674
-355.426707,215,8876.270922
-772.717207,709,8896.249201
-244.653115,148,8900.558436
-273.557567,129,8904.49961
-611.076964,614,8922.891968
-223.698426,132,8926.462779
-457.967253,412,8937.982665
-318.439759,250,8945.296372
-672.153218,545,8960.445115
-362.642561,358,8971.023946
-896.732862,732,8991.333613
-210.274301,114,8994.464541
-913.410264,998,9024.238803
-283.122821,292,9033.173401
-276.740867,237,9039.693334
-991.476642,823,9061.998546
-352.040964,252,9068.508641
-927.92383,770,9089.478733
-245.908949,199,9095.127702
-444.98442,345,9104.481485
-496.128961,421,9116.897246
-809.841619,572,9132.044491
-725.861883,728,9152.077185
-591.461271,471,9165.75657
-264.403603,116,9168.994113
-261.688333,250,9177.386824
-120.963251,34,9178.230862
-121.574549,35,9179.505965
-296.635396,221,9185.937235
-430.643803,296,9193.8994
-122.052968,35,9194.947115
-122.052968,35,9195.825286
-122.383083,35,9197.10415
-539.017707,354,9208.077784
-314.244057,260,9215.344717
-1688.46685,1727,9264.794871
-354.065234,255,9272.546196
-353.901544,395,9284.916507
-188.526565,158,9289.896264
-1101.610856,1134,9323.736304
-654.245073,738,9344.45466
-491.890878,436,9356.455763
-276.613156,228,9363.177822
-760.055429,1039,9396.220538
-181.692582,153,9401.29633
-440.392279,521,9417.543588
-689.529973,629,9435.840882
-794.960479,868,9461.239364
-712.154758,783,9484.512145
-424.851272,334,9494.077583
-379.415895,383,9506.490679
-911.271572,1050,9535.647759
-369.003173,356,9546.318601
-277.50415,222,9552.904734
-1231.849468,1340,9591.426915
-318.560054,282,9599.859998
-328.531164,398,9612.3801
-660.980431,511,9625.735832
-2579.979655,2938,9710.586643
-301.976751,355,9720.891829
-410.587353,358,9732.234248
-442.106275,387,9743.8021
-233.38312,171,9748.30594
-491.54659,447,9760.700846
-258.686998,244,9768.128389
-978.646868,809,9791.874851
-507.021693,472,9806.108463
-480.410708,421,9818.235217
-315.666183,257,9825.552717
-1034.091046,849,9848.25661
-1261.402562,1301,9885.966367
-334.466007,302,9895.436352
-853.716001,710,9914.887151
-297.792213,221,9921.221978
-569.336331,463,9934.541008
-375.895462,311,9943.118777
-527.183066,588,9961.310303
-784.701151,547,9976.803601
-762.860108,610,9993.661377
-230.372751,163,9998.8261
-594.830851,515,10013.308875
-486.439833,390,10024.337467
-846.511923,598,10040.649031
-319.904752,280,10048.578855
-213.928844,144,10052.991274
-1479.3208,1538,10098.46202
-272.547134,215,10104.268979
-172.837934,142,10109.088034
-313.907673,348,10119.864348
-418.139216,308,10128.495887
-1130.040023,1007,10156.258363
-306.297733,210,10162.252792
-1127.529878,931,10186.6596
-468.923215,519,10203.185431
-187.25407,146,10207.916379
-1486.41871,1199,10240.885966
-930.905628,825,10263.555033
-798.247996,791,10285.34957
-671.626744,454,10297.225676
-1326.210926,1426,10340.182128
-2330.516634,1915,10393.189449
-454.772398,503,10408.503547
-459.497719,379,10418.537864
-385.368725,287,10426.457491
-649.229056,517,10441.01142
-966.790783,802,10463.217682
-276.570229,200,10468.743715
-933.50019,982,10497.470423
-1136.392096,1008,10525.590216
-404.456882,289,10533.169551
-338.440721,248,10540.138519
-376.725038,255,10547.101699
-498.912208,369,10557.616622
-730.493643,570,10573.417284
-314.645026,239,10580.248325
-848.992978,712,10601.291307
-1191.646406,1101,10630.843429
-617.306594,507,10647.139503
-542.623918,448,10659.980617
-655.555104,976,10691.457476
-419.346418,365,10701.459774
-416.783803,344,10711.438666
-537.209053,631,10730.949518
-198.220919,131,10734.577084
-923.513748,795,10756.904205
-238.938235,148,10761.158985
-384.591939,243,10767.538902
-795.75248,704,10786.702255
-1350.2921,1174,10819.874911
-461.236936,298,10827.861671
-268.604728,179,10832.782214
-1066.409525,960,10858.912772
-605.436962,495,10871.756848
-379.612214,366,10881.801857
-1173.844816,1259,10917.44186
-348.779835,461,10933.010282
-416.170938,284,10940.734006
-511.713407,482,10954.072287
-1030.334621,945,10979.394137
-363.544604,235,10985.841988
-493.15614,414,10996.849375
-153.173079,74,10998.996113
-660.84864,617,11015.926347
-380.676864,303,11023.91573
-149.359582,71,11025.675737
-820.938759,669,11044.647823
-219.608019,141,11048.318324
-220.116812,135,11052.159269
-1315.028953,1192,11085.009375
-422.442342,349,11094.704529
-609.400367,404,11105.138688
-790.3255,681,11123.751672
-451.263762,346,11132.952847
-146.5802,71,11135.500616
-576.103277,638,11155.303253
-649.093886,503,11169.220356
-1422.048782,1287,11206.138712
-382.107879,231,11213.657411
-374.731098,236,11219.926323
-1143.272545,931,11242.957582
-262.995687,194,11248.045482
-889.754056,759,11269.317626
-296.158827,207,11275.042181
-1057.676746,959,11301.44418
-400.749865,278,11308.313793
-644.852634,618,11325.43585
-454.960581,320,11333.656969
-2066.352504,1812,11382.165294
-306.290689,219,11388.215591
-760.850167,559,11403.775432
-453.549922,306,11411.718813
-1193.769415,887,11436.399178
-1403.342765,1105,11466.03421
-815.280418,811,11490.842147
-338.646009,250,11497.335446
-1291.502853,941,11521.79143
-2124.197239,2142,11581.545853
-340.978049,287,11589.71601
-437.952208,371,11600.368788
-3194.31571,3571,11703.278267
-1068.150263,855,11726.369625
-580.741429,515,11740.566263
-951.960803,1013,11770.277544
-301.890667,211,11776.018213
-239.088662,202,11781.846374
-1961.016663,1690,11826.513091
-123.34041,39,11827.923112
-1569.483698,1273,11861.403108
-540.167761,452,11874.165294
-238.372512,141,11878.034255
-2211.221566,1775,11924.99269
-909.113575,825,11948.428659
-641.879129,486,11961.348467
-438.594305,350,11971.737933
-362.595412,231,11977.638006
-231.838571,135,11981.424313
-636.135075,553,11996.306239
-320.99777,231,12003.080905
-451.134677,347,12012.298382
-309.944568,257,12019.057952
-864.684927,858,12044.976988
-1321.960395,1202,12076.532741
-321.067818,219,12082.095122
-412.078435,274,12089.584661
-946.927848,843,12112.424379
-2170.732173,1934,12163.905353
-479.259586,388,12175.117524
-653.141759,424,12186.559133
-2084.369609,1928,12238.608253
-1039.256492,966,12265.8478
-459.61455,392,12276.635382
-589.668902,483,12289.43611
-492.58728,367,12299.626119
-1199.087815,1005,12328.441664
-1543.494811,1432,12367.540113
-661.54656,482,12380.644165
-426.340875,288,12388.002735
-948.459322,868,12412.021291
-431.990171,332,12419.809515
-754.905442,668,12438.470885
-239.944597,149,12442.124808
-1058.652658,883,12465.458263
-402.249309,275,12472.457858
-252.53921,214,12478.472853
-2080.79498,2181,12538.827017
-1126.357352,1107,12570.820217
-742.689247,659,12590.230404
-389.902499,284,12597.633925
-528.509278,1104,12635.806157
-697.278138,642,12654.672759
-369.282228,228,12660.680824
-385.822473,296,12668.67445
-145.979439,72,12670.803827
-1198.911789,1019,12698.087228
-1110.354418,1107,12728.568627
-969.56714,878,12752.947328
-706.515279,643,12770.75718
-1203.918057,1469,12814.331033
-365.278783,271,12820.998675
-660.967093,574,12837.266533
-648.836301,467,12849.890212
-125.199559,40,12851.209914
-326.422088,210,12856.925262
-2038.913049,2179,12920.311975
-687.765368,700,12940.569069
-1223.737769,1162,12974.364253
-696.617204,556,12988.84279
-431.803232,266,12995.560475
-518.796666,431,13008.190214
-2102.585273,1974,13062.66584
-139.124572,69,13064.971616
-139.079894,68,13066.736626
-262.294431,342,13077.874562
-141.587821,71,13080.229972
-245.82807,178,13084.3341
-496.194809,509,13098.199842
-269.404935,372,13111.533313
-133.049164,67,13113.77319
-139.516432,69,13116.149822
-305.198017,210,13121.982041
-1880.626459,1766,13170.612615
-352.903472,328,13180.154256
-240.123448,192,13185.328285
-462.628613,511,13201.870991
-139.378042,68,13203.598047
-664.893852,591,13219.986511
-686.393236,914,13247.132454
-141.168028,69,13249.430007
-334.288823,214,13254.959661
-520.907784,437,13266.616601
-471.211666,417,13278.588197
-1337.049271,1133,13309.535056
-649.063353,596,13326.961385
-783.016153,598,13342.160678
-616.474379,438,13353.246655
-774.741864,668,13372.101706
-123.950297,40,13373.311871
-774.311473,947,13399.568079
-935.108724,1067,13429.507188
-469.480529,364,13441.213806
-677.011405,549,13457.403131
-149.167175,77,13459.486246
-414.256878,325,13468.727409
-380.165728,316,13477.543065
-348.832786,512,13495.362105
-666.39685,491,13508.437259
-304.98266,226,13514.560354
-364.538704,218,13520.14083
-227.364418,175,13525.184049
-1362.455957,1655,13574.531546
-339.725831,368,13585.985425
-1141.019107,1026,13615.868353
-269.766474,233,13622.823159
-462.143484,479,13636.812315
-613.356392,720,13657.593315
-333.618437,398,13670.586427
-338.115635,233,13676.755626
-152.916887,104,13680.157172
-633.594545,612,13696.931092
-545.504106,393,13707.606972
-789.857496,794,13731.430449
-358.3268,219,13737.150997
-386.277951,257,13744.1437
-1691.647867,1950,13800.243825
-972.245809,900,13825.454243
-377.540627,312,13834.521749
-539.411225,727,13856.940035
-230.226572,247,13864.444285
-433.492683,442,13877.201638
-196.018397,210,13884.340219
-515.588669,402,13895.404118
-141.156959,88,13898.217392
-385.514988,363,13908.704964
-715.63361,3571,14042.107298
-176.624898,137,14048.04544
-427.56267,320,14056.68062
-303.775917,243,14063.36973
-413.182921,309,14071.989117
-250.887511,213,14078.636951
-249.335421,293,14088.854965
-475.662992,381,14099.469213
-845.56452,791,14120.841812
-403.724461,357,14131.543928
-123.139641,38,14132.506623
-123.139641,38,14133.630964
-123.264412,38,14135.284134
-664.495006,513,14148.863662
-702.608856,633,14167.02765
-575.316643,444,14179.66359
-922.27077,1045,14211.164261
-877.704577,857,14236.964291
-1033.688023,1832,14297.825125
-494.512198,456,14311.107623
-1308.803354,1653,14363.71556
-235.285834,221,14370.123121
-1865.098978,1659,14415.802841
-177.947953,118,14419.479041
-327.640564,343,14429.896098
-1040.257771,1455,14477.633855
-235.510986,161,14482.527176
-570.499454,1000,14516.456474
-1024.738281,988,14544.995846
-416.870412,259,14552.135052
-309.944948,248,14559.866113
-251.23142,155,14564.01017
-223.492792,144,14568.935563
-277.540746,202,14574.705172
-125.317208,39,14575.817716
-125.317208,39,14576.92379
-125.543177,41,14578.464722
-503.784804,482,14592.631676
-1375.966872,1301,14629.239915
-125.863635,41,14630.352483
-125.863635,41,14631.503954
-1496.827955,1228,14667.195324
-535.500095,368,14676.973822
-1083.040079,912,14702.567892
-495.878188,451,14716.559035
-137.023718,69,14718.988551
-543.054143,432,14730.593643
-964.555765,1000,14760.744699
-829.428925,671,14779.850922
-226.448976,156,14784.151397
-505.407112,611,14802.872027
-221.62813,122,14806.547917
-224.72139,143,14810.284182
-695.371222,498,14823.606686
-659.106523,572,14839.721434
-578.362901,450,14852.89873
-600.833761,467,14866.186308
-603.25337,460,14879.274317
-2257.592867,1906,14930.532176
-311.806565,309,14941.81271
-1137.152988,910,14966.512137
-525.090893,435,14978.692468
-239.039151,158,14983.334424
-812.843108,1682,15042.650314
-370.067563,327,15051.964137
-319.873116,208,15057.732323
-755.967494,655,15076.223827
-309.594903,222,15082.751967
-712.466911,719,15104.448427
-964.663842,761,15124.391965
-835.835746,577,15139.971293
-143.661315,107,15143.473756
-632.633836,480,15156.84992
-145.71756,95,15159.98869
-129.73454,55,15161.859413
-1007.916615,887,15186.978688
-172.457676,163,15192.225488
-546.585679,567,15209.681648
-253.092881,160,15214.273225
-562.358573,455,15227.482742
-798.998933,718,15248.857274
-256.601378,111,15251.796622
-251.769407,141,15255.939318
-1199.631667,1058,15284.830121
-558.105188,451,15297.667192
-577.525492,709,15318.353434
-483.876014,429,15330.123809
-338.366362,368,15341.667044
-467.226485,660,15361.864792
-538.246063,447,15375.556405
-276.97058,216,15382.364402
-818.433726,651,15400.375151
-474.877652,399,15411.695873
-262.232878,264,15420.328573
-354.653803,283,15429.224302
-553.732363,643,15448.129659
-417.470653,473,15462.171151
-389.98019,348,15472.471888
-152.575635,83,15474.660091
-991.25247,804,15496.34467
-687.486311,708,15518.183222
-192.685388,175,15523.531272
-444.055994,408,15537.461015
-254.759935,190,15542.851592
-640.514662,746,15565.796711
-157.995315,88,15568.534423
-224.59432,199,15574.500856
-156.993213,97,15577.38795
-282.939962,183,15582.11472
-203.199238,184,15587.560889
-302.266926,250,15595.1055
-185.872277,151,15599.303926
-176.306672,194,15605.446252
-316.218301,166,15610.146002
-390.576759,303,15618.56272
-509.80621,465,15631.945573
-302.707701,202,15637.499982
-553.310401,478,15650.127284
-157.650699,95,15652.972136
-561.406022,467,15666.349086
-139.056532,69,15668.870784
-816.540487,668,15686.547721
-137.398445,160,15692.282283
-311.01032,184,15697.680255
-162.725888,107,15700.949213
-371.624352,230,15706.918449
-219.842035,183,15712.209378
-220.273369,171,15717.137304
-123.716669,37,15718.030502
-123.716669,37,15718.970362
-1150.024325,1241,15754.755731
-132.498574,69,15756.925328
-532.496149,1224,15800.446594
-978.790113,957,15829.500671
-781.174027,675,15849.3087
-154.777211,125,15853.464298
-384.153936,290,15861.42088
-1284.125764,1796,15921.171447
-121.571015,35,15922.577028
-286.346889,181,15927.203483
-1017.327339,1123,15960.920932
-1003.789853,852,15987.883187
-1017.003165,776,16008.96971
-262.374335,201,16014.584055
-332.311871,289,16022.758933
-767.503041,576,16038.4998
-1242.291436,1079,16066.738189
-554.421942,359,16076.286537
-696.351093,440,16087.060911
-1700.352916,1671,16136.745276
-428.895239,392,16147.701687
-280.063426,169,16152.087922
-729.417727,694,16171.617405
-254.049869,150,16175.509878
-366.088209,295,16183.640417
-494.302829,378,16194.171932
-457.196939,458,16207.480629
-673.931432,732,16229.694844
-490.186881,460,16243.204293
-151.961538,101,16246.408347
-286.167602,218,16252.676435
-783.99326,804,16275.255877
-259.466512,152,16279.181258
-375.89089,356,16289.793684
-256.116885,581,16308.927778
-231.845529,325,16320.639918
-304.506033,203,16326.253886
-409.804978,359,16336.097558
-455.385909,357,16346.142895
-362.770467,275,16354.27209
-348.677076,310,16363.864027
-1187.665543,2046,16432.350777
-688.735335,575,16447.278712
-1527.529994,1582,16492.558218
-701.823069,528,16507.112055
-545.320588,545,16522.174406
-337.732809,252,16529.573717
-224.532025,188,16535.274471
-1398.029624,1392,16574.288069
-129.95283,56,16575.890815
-788.81717,652,16593.366736
-1473.865106,1310,16629.418263
-824.10302,1032,16660.961155
-274.790152,242,16668.333097
-731.774905,732,16690.145506
-177.273313,96,16692.530964
-1565.878591,2894,16789.409271
-301.386519,304,16798.426046
-463.703997,307,16806.152449
-262.477715,172,16811.373829
-302.136318,198,16817.252912
-469.607615,328,16825.791667
-297.461835,183,16830.980886
-533.007303,368,16840.74291
-334.237678,179,16844.685952
-1195.831916,957,16870.371198
-572.505858,514,16884.371213
-266.345349,238,16890.886848
-528.92778,482,16903.577577
-655.413291,561,16918.751824
-411.938745,377,16929.79577
-436.761767,309,16937.844491
-577.46518,530,16953.052276
-711.235064,562,16968.72303
-413.061662,327,16978.310754
-1160.216757,1058,17009.403558
-353.077044,302,17018.267745
-355.751256,243,17025.149856
-1013.407664,1484,17071.347282
-278.557616,152,17075.319248
-531.635433,433,17086.974437
-291.471598,190,17092.138798
-809.310724,831,17115.991626
-495.233601,495,17129.164658
-1049.858521,1065,17159.338101
-763.970181,612,17175.315223
-1481.882943,1692,17226.202098
-1607.890879,1757,17278.062396
-1444.488714,1329,17318.303047
-334.246133,326,17327.831285
-670.442259,667,17347.063005
-329.154264,189,17352.144729
-1681.78523,1645,17399.484551
-369.522374,272,17406.833629
-709.702033,551,17422.129976
-253.777607,176,17427.603827
-327.848426,311,17436.920678
-373.635693,311,17447.110079
-857.748371,3436,17571.247887
-355.561987,321,17580.59516
-174.666871,190,17586.709799
-670.207288,3571,17721.878596
-123.203769,43,17723.063749
-122.852139,41,17724.763922
-123.15325,43,17725.979413
-586.456618,597,17743.64898
-388.333226,320,17752.191582
-373.098849,317,17761.443421
-124.495081,40,17762.659416
-124.495081,40,17763.69553
-124.701349,40,17765.046754
-501.846072,457,17777.918238
-209.7567,114,17781.044089
-515.753656,373,17791.496931
-1429.92029,1402,17832.170366
-291.366846,255,17839.766886
-575.68625,744,17863.000458
-276.605254,176,17867.645208
-537.602991,520,17882.19251
-588.146014,446,17894.644577
-2239.578069,2189,17959.789562
-148.744594,90,17962.371539
-1405.126096,3571,18088.864037
-700.328463,565,18104.87832
-322.213056,407,18118.030064
-554.655811,3571,18249.225889
-218.058039,115,18252.572188
-465.140538,981,18289.943758
-354.59327,218,18295.713999
-370.491987,259,18302.292017
-1595.997899,1259,18337.837264
-236.168239,158,18342.201001
-121.875065,40,18344.091585
-784.341833,1170,18382.720464
-304.930358,440,18397.511188
-347.031884,223,18403.859533
-320.697146,341,18415.000209
-853.582329,1030,18445.972327
-266.102204,209,18452.641301
-505.003611,373,18463.336077
-133.570528,90,18466.480384
-349.503973,261,18473.963392
-292.968537,216,18479.8781
-391.925334,279,18487.580318
-412.232627,581,18505.847705
-983.384926,949,18532.816514
-537.186187,2481,18622.978128
-776.711838,509,18636.175462
-146.790206,113,18640.370225
-640.642744,602,18657.882386
-132.291189,55,18659.605074
-132.254407,55,18661.581766
-289.333635,413,18675.197564
-285.480573,210,18681.783316
-130.395071,52,18683.285918
-419.843881,676,18706.993031
-190.689916,178,18712.618191
-332.520247,374,18724.378861
-419.437698,298,18732.022342
-1087.869542,1009,18760.870093
-877.54268,764,18781.507166
-133.517907,101,18784.81074
-369.001401,716,18810.100342
-132.368811,55,18811.931612
-132.402098,55,18813.887426
-177.469901,118,18817.721897
-131.828047,64,18819.287466
-435.643101,599,18838.862323
-764.156708,594,18854.249123
-306.392248,218,18861.162794
-299.639355,295,18869.556123
-132.593673,56,18870.92192
-132.938133,56,18872.766814
-356.494446,197,18877.704288
-131.13917,63,18879.378409
-133.076094,65,18881.521111
-220.842252,123,18884.559665
-548.551922,400,18898.158262
-394.33586,352,18908.744911
-541.819819,435,18920.048025
-164.299418,110,18923.527658
-130.629882,49,18925.273896
-1299.378305,1199,18959.849996
-434.275995,269,18967.000868
-257.160413,121,18970.193075
-860.286362,847,18995.913541
-238.146648,199,19002.027696
-165.331294,114,19005.658763
-202.68525,351,19018.384277
-152.408773,89,19020.929444
-325.998273,215,19027.119843
-427.288694,305,19035.401658
-488.828876,331,19044.006353
-551.27292,541,19059.672273
-1811.279854,1982,19117.277394
-397.310549,273,19124.3963
-316.484358,222,19130.707156
-131.068173,55,19132.528925
-137.380945,57,19133.953824
-131.787221,49,19135.713726
-134.830918,57,19137.183598
-133.069865,57,19138.995533
-130.593575,51,19140.279548
-157.409666,93,19143.127876
-574.733024,583,19160.207412
-131.674779,47,19161.843704
-133.599789,54,19163.314416
-347.204435,266,19170.859131
-133.793035,55,19172.18405
-133.885776,55,19174.258753
-133.904758,55,19176.283062
-129.284569,49,19177.531657
-129.284569,49,19178.750107
-132.017777,55,19180.704991
-132.306055,56,19182.704755
-284.289645,263,19192.440793
-132.769846,54,19194.427077
-130.583664,52,19195.746387
-384.272628,258,19203.246932
-130.5041,54,19204.617093
-228.187779,223,19211.584916
-165.232526,124,19215.630677
-139.826956,60,19217.256479
-135.275886,57,19219.152041
-134.680836,56,19221.055218
-132.877702,56,19222.455258
-135.33755,59,19224.56248
-752.157831,879,19248.969993
-191.963044,135,19252.640651
-750.470489,875,19279.184109
-320.954612,220,19285.013009
-133.095092,57,19286.43572
-133.065836,58,19288.550907
-132.551577,57,19290.576924
-134.221527,57,19292.022589
-134.052526,57,19293.944553
-379.76939,303,19302.224745
-267.054723,209,19308.101773
-900.294526,720,19327.864593
-384.304809,282,19335.311121
-126.951693,58,19336.809997
-386.866845,254,19343.446827
-127.909603,60,19345.452628
-482.955211,373,19356.175176
-130.231936,61,19358.410247
-327.035184,292,19367.060898
-243.019486,380,19379.701501
-135.885013,63,19381.228317
-136.109257,63,19383.325336
-349.189382,348,19393.230793
-1080.086357,1085,19423.508094
-287.627585,283,19432.169181
-1886.974325,3571,19560.014306
-440.282539,247,19566.153686
-135.1147,64,19568.359308
-256.953846,326,19578.766401
-194.903208,165,19583.511699
-289.684893,223,19589.860548
-1594.481292,1327,19625.32707
-393.510317,369,19635.882362
-768.592932,655,19654.202698
-1056.658665,1300,19692.030966
-285.59259,204,19698.014574
-3721.023309,3141,19785.452269
-296.299958,298,19795.00838
-1052.523084,839,19818.023279
-233.959353,151,19822.744811
-568.916987,409,19833.492011
-439.665556,407,19845.344123
-131.140151,62,19847.581861
-851.139167,683,19865.199982
-134.038209,62,19867.312375
-312.930982,326,19876.80794
-667.802328,493,19889.833986
-1151.843417,1014,19918.620792
-366.994292,292,19927.164045
-566.429484,475,19940.765552
-357.102279,247,19947.637323
-614.464856,460,19959.365662
-262.914234,192,19964.974144
-394.343861,336,19973.552651
-345.984967,266,19981.534322
-126.148714,59,19983.520851
-135.251869,76,19985.639443
-526.02777,405,19996.87342
-1255.737711,1312,20035.348354
-344.509549,258,20042.315632
-758.195404,591,20059.209509
-237.577441,217,20065.964337
-611.163836,638,20087.859701
-129.206882,59,20089.630096
-290.46016,353,20100.032948
-271.640412,187,20105.50572
-832.397083,752,20126.793055
-787.695125,584,20142.944771
-126.825688,48,20144.110739
-715.502301,860,20170.416415
-429.725657,362,20181.482303
-199.72675,121,20185.084544
-637.648332,483,20197.736152
-1584.656953,1384,20237.987359
-598.930373,764,20259.743594
-500.119869,344,20269.951293
-1300.327518,1232,20305.282256
-210.614894,233,20312.716374
-143.948228,114,20316.327516
-545.644418,525,20331.277482
-295.334502,353,20342.32348
-365.071479,331,20351.84356
-250.880497,280,20360.229787
-458.830086,470,20376.668952
-1933.112414,1738,20425.877494
-341.943459,272,20433.361864
-855.70412,695,20453.205552
-134.525344,87,20456.140874
-131.526002,63,20458.239746
-134.847312,86,20460.615101
-343.774257,377,20472.432345
-132.275939,71,20474.939341
-591.33532,493,20489.753878
-980.0209,781,20510.799439
-501.059074,478,20524.622758
-745.143581,826,20548.424356
-247.117199,188,20553.827613
-517.325274,528,20568.435432
-770.222857,667,20586.419198
-121.496918,39,20587.63025
-121.496918,39,20588.637701
-121.371359,38,20589.942107
-122.05004,38,20591.08186
-122.05004,38,20592.006434
-122.315316,37,20593.365813
-122.315316,37,20594.414074
-122.31291,37,20595.987568
-121.132526,38,20596.92203
-121.132526,38,20597.8624
-121.134666,38,20599.257753
-121.811235,39,20600.17719
-121.811235,39,20601.225028
-1244.767575,1061,20630.811436
-128.042509,71,20633.213595
-480.280551,436,20645.111826
-557.319408,445,20659.355466
-556.22615,473,20671.758336
-1273.882442,1380,20710.653109
-174.715698,127,20714.265584
-161.805007,112,20717.922364
-546.126699,395,20728.627094
-761.812438,705,20748.819933
-176.245699,125,20752.903913
-122.276233,39,20754.005793
-122.277417,39,20755.29519
-208.077287,186,20760.598785
-1808.573818,1733,20809.93077
-345.259782,220,20816.226795
-267.543257,221,20822.392284
-171.395439,130,20825.979238
-242.42325,273,20835.00179
-412.838049,324,20844.190969
-235.111883,191,20849.578934
-321.952761,240,20856.695151
-412.54272,518,20870.991803
-1028.359136,838,20893.495153
-632.75583,591,20910.123365
-279.493959,155,20914.655777
-821.583025,638,20931.631375
-727.940033,1206,20971.082623
-126.086059,58,20973.23405
-130.607468,64,20975.116508
-127.334024,59,20977.141571
-552.430312,2004,21038.078908
-270.446908,235,21045.105115
-1180.480681,992,21072.597717
-460.905208,437,21085.546665
-116.73299,27,21086.310102
-116.73299,27,21087.053885
-116.73299,27,21088.130461
-915.309659,721,21108.138675
-124.971313,63,21109.897665
-379.074054,370,21120.396606
-398.24067,346,21130.476862
-275.593145,259,21137.982009
-1270.887593,1117,21168.590872
-955.60588,788,21190.311602
-460.306657,391,21201.110137
-298.253628,268,21208.754048
-307.996807,394,21220.67972
-235.105546,232,21229.110007
-1328.718079,1205,21261.891343
-492.477066,482,21276.014523
-204.277138,128,21279.667095
-528.655146,527,21294.963389
-126.192905,65,21297.20201
-346.151081,248,21303.80912
-135.976387,63,21305.714664
-137.281021,65,21308.099983
-137.702497,62,21309.804619
-2022.348418,2699,21391.820281
-540.691784,366,21402.091795
-320.779476,234,21409.148164
-210.331182,204,21414.823806
-151.157258,127,21418.892924
-134.984363,80,21421.27926
-292.233868,386,21431.684866
-208.630584,155,21436.203758
-192.055179,252,21444.43699
-508.240357,349,21453.773864
-133.305202,81,21456.330559
-116.35358,26,21457.057301
-116.35358,26,21457.793312
-116.696444,27,21458.862247
-116.797215,27,21459.581017
-116.797215,27,21460.408663
-116.797215,27,21461.135133
-116.394297,25,21462.311842
-130.898249,59,21463.974039
-131.682029,61,21466.13473
-186.124343,141,21470.710611
-268.787223,180,21476.369821
-194.864101,137,21480.193266
-354.059368,226,21486.789836
-552.638233,782,21510.897186
-131.840275,61,21512.928825
-131.736597,61,21515.256137
-214.161055,145,21519.357663
-119.821574,61,21521.24323
-116.206178,26,21521.972707
-116.206178,26,21522.606959
-116.205631,26,21525.990093
-232.912247,160,21530.380739
-690.930689,745,21552.545624
-170.25283,137,21556.83046
-142.770347,90,21559.680608
-115.83475,25,21560.291615
-115.83475,25,21560.933831
-115.916892,25,21562.079659
-175.435215,175,21566.948332
-116.012455,25,21568.029822
-128.260138,67,21569.915566
-483.244382,756,21593.254927
-652.606264,1244,21632.740751
-159.527486,130,21637.245567
-132.709589,60,21639.022285
-139.086187,84,21641.99536
-765.883307,621,21657.800493
-132.211547,59,21659.818862
-222.79431,356,21672.466489
-450.804834,823,21700.480741
-249.634343,338,21710.517785
-199.130216,134,21714.154456
-714.521635,601,21731.071709
-415.323132,809,21758.984266
-283.659432,384,21770.772915
-391.39131,1017,21806.885638
-248.772645,340,21819.223062
-142.264586,117,21823.08993
-285.471311,444,21837.436221
-138.44003,82,21840.242732
-185.360457,158,21847.446147
-249.449574,368,21859.331594
-917.064852,781,21880.493616
-122.315461,35,21881.777424
-221.715214,287,21890.377556
-305.252858,186,21894.676723
-194.438722,188,21900.172587
-647.771458,538,21915.497394
-136.651479,62,21917.122071
-135.867578,61,21919.101059
-190.654618,195,21925.104075
-825.380278,627,21941.286657
-360.823196,228,21947.775343
-541.018628,553,21964.641415
-553.69753,498,21979.19774
-1497.988381,1319,22015.457325
-137.699183,62,22017.648625
-213.612112,234,22024.691548
-139.220376,65,22026.663701
-158.782286,129,22030.782092
-632.818115,396,22041.639292
-619.779552,517,22055.306321
-116.650648,25,22056.056089
-116.177638,25,22057.026683
-934.41259,879,22081.728991
-489.037505,1269,22127.436605
-1491.671151,1027,22156.275214
-224.001254,157,22160.797516
-396.135919,255,22167.923155
-636.526391,489,22181.078927
-454.578487,398,22192.499364
-263.66002,346,22204.69443
-115.974561,25,22205.385418
-115.974561,25,22205.936156
-259.302681,169,22210.819219
-464.835665,3463,22321.16606
-631.715822,594,22338.598182
-369.339169,310,22347.299173
-140.879162,106,22350.84171
-1266.785133,2141,22420.920344
-131.576354,74,22423.434417
-340.991676,217,22429.55358
-138.314496,106,22433.018261
-135.76827,93,22435.794824
-185.699051,224,22443.346654
-164.205589,181,22449.206807
-523.773017,411,22463.444813
-151.216455,137,22468.486282
-140.330346,103,22471.892627
-196.974851,214,22478.755753
-796.491361,1079,22513.076611
-599.749639,460,22525.093729
-617.351606,568,22542.058514
-134.812926,93,22545.224391
-139.199148,105,22548.613698
-459.088165,351,22557.895656
-127.301791,64,22559.833842
-129.655997,66,22562.038311
-192.337236,174,22566.995116
-232.637485,911,22599.724109
-1141.099513,985,22627.139349
-392.523816,791,22655.693238
-319.480946,313,22664.871583
-1654.724926,1453,22704.392985
-129.342121,65,22706.399567
-117.156195,28,22707.152381
-117.156195,28,22707.906768
-117.156195,28,22708.599619
-327.366467,470,22723.502573
-134.607264,83,22726.174412
-210.27159,161,22730.96483
-247.004499,225,22737.715992
-287.951372,427,22752.931276
-124.869206,67,22755.150928
-256.573636,375,22771.038596
-610.567154,763,22794.15803
-651.734988,568,22810.416593
-602.599415,944,22841.303022
-436.647169,988,22878.6696
-241.163917,440,22895.08441
-139.15476,85,22897.273072
-141.667855,69,22899.396795
-1050.755862,858,22923.311755
-143.921799,109,22926.929636
-208.510042,194,22933.100939
-335.226421,280,22940.661362
-255.771993,258,22949.449315
-1133.763759,959,22976.012202
-337.38997,277,22983.964427
-156.995403,155,22989.612169
-1206.803986,2144,23063.202617
-676.556353,1030,23098.325301
-122.090216,34,23099.137383
-122.090216,34,23099.98772
-128.162149,64,23102.370879
-628.609733,1499,23155.88073
-134.023957,68,23158.205388
-1926.868464,1808,23210.785155
-248.956228,385,23222.48046
-464.762635,289,23230.174754
-138.756458,84,23233.095476
-365.546544,301,23242.067209
-137.043554,83,23244.689055
-279.095737,262,23252.561923
-497.473394,557,23269.455136
-561.56624,476,23283.458838
-650.403234,665,23303.829572
-412.12127,450,23317.357271
-726.778521,1346,23362.105306
-373.876042,299,23371.335955
-1042.146951,1402,23420.222431
-1641.395992,1795,23474.966657
-197.927463,426,23489.033334
-1002.753672,742,23508.24087
-643.666788,533,23523.23391
-161.907086,160,23528.525793
-1246.441796,1111,23559.287159
-323.548454,723,23584.856863
-516.171927,351,23593.868031
-356.271623,251,23600.844382
-349.017261,273,23608.46416
-215.91581,136,23612.335021
-123.03987,35,23613.154404
-123.03987,35,23613.991766
-633.712209,570,23629.840346
-231.153759,123,23633.36411
-221.539339,251,23640.989868
-408.120108,753,23664.327385
-1840.6673,1932,23722.2147
-1651.025263,1698,23770.350435
-168.484497,119,23773.521289
-620.660359,498,23786.949832
-131.40692,131,23791.252514
-154.624883,138,23795.827672
-786.107152,782,23817.715359
-1229.447955,1715,23870.337323
-234.55109,188,23875.846851
-486.793019,1260,23920.546577
-183.373803,123,23924.140446
-398.736069,290,23932.20565
-553.927496,970,23965.649495
-494.841712,417,23977.879762
-775.616784,854,24003.080012
-183.009279,154,24007.593665
-1421.212757,1136,24040.506905
-260.677537,243,24047.969715
-647.420154,1353,24090.992339
-526.29524,697,24113.200179
-163.114518,253,24122.204128
-133.236763,59,24124.12591
-131.935784,63,24125.804193
-131.798854,62,24127.828243
-855.459812,1225,24166.473602
-123.263514,42,24167.371104
-123.268854,42,24168.772209
-123.268854,42,24169.787396
-126.183224,50,24171.357807
-126.276068,51,24172.836153
-398.864153,368,24182.957973
-1708.243541,1808,24235.983908
-710.075825,559,24251.867825
-117.222216,28,24252.471504
-117.222216,28,24253.120775
-117.222216,28,24253.791509
-252.255414,256,24261.593067
-277.283858,231,24267.816679
-1328.248384,3018,24373.453297
-129.394497,91,24375.987251
-703.631511,2003,24447.656862
-787.812064,2284,24529.467852
-133.635251,85,24531.896731
-617.040012,2233,24612.725376
-851.422158,962,24640.095229
-794.9713,611,24656.455933
-828.589834,3571,24792.2484
-880.517122,963,24819.821867
-128.15067,51,24821.101212
-128.155605,51,24822.797727
-126.935503,46,24824.001671
-126.935503,46,24825.473922
-384.337737,438,24838.133333
-300.55763,241,24844.774042
-208.887371,177,24850.245435
-877.748556,663,24868.060187
-733.035157,563,24883.279209
-431.762954,337,24892.674762
-539.187899,410,24903.922214
-343.610862,539,24921.354481
-405.847658,1194,24955.893607
-619.728118,3479,25075.756506
-1577.630158,1332,25111.000705
-634.694045,1073,25145.981072
-357.925103,285,25153.716969
-128.214458,51,25154.863834
-153.499951,205,25161.745702
-609.055842,2271,25244.800943
-362.1822,339,25254.840494
-386.08579,256,25261.435644
-271.639729,750,25288.980327
-375.355217,248,25295.557542
-459.625786,359,25306.248117
-449.738466,462,25322.130452
-342.024557,873,25353.569165
-479.327534,394,25364.723256
-533.114816,545,25380.972869
-612.244865,3571,25509.624822
-997.488111,3571,25636.07618
-994.017741,1794,25699.655251
-1046.385354,1634,25751.72356
-339.947883,269,25759.640679
-140.507451,109,25763.145752
-624.342028,1386,25810.544966
-132.847705,64,25812.236891
-716.778359,670,25831.687138
-263.919745,690,25855.635269
-1149.43049,1566,25903.618957
-132.481773,91,25906.119703
-443.74183,543,25923.690548
-1033.12429,2201,26002.106348
-136.460343,83,26004.883027
-792.358136,1878,26069.964642
-367.272853,329,26078.786577
-402.800026,351,26088.774987
-790.65075,773,26111.314693
-1619.799654,1439,26152.414965
-560.108311,535,26167.719426
-276.44394,167,26171.852573
-1198.140105,1961,26234.463593
-728.769804,506,26248.52297
-241.289289,149,26253.12431
-133.914628,87,26255.837221
-491.812092,525,26271.587891
-447.228686,339,26280.645608
-369.98139,307,26289.931288
-150.980326,153,26295.156562
-187.600645,325,26309.52544
-738.684151,817,26334.579289
-173.670295,261,26343.9567
-255.653618,146,26348.161304
-478.57214,351,26358.007082
-359.637969,324,26367.597468
-261.91308,253,26375.364547
-164.509956,324,26386.283595
-621.339,609,26404.406235
-637.234983,433,26416.03155
-183.174882,159,26420.888541
-298.165027,673,26443.537317
-229.844004,769,26470.233049
-345.017227,284,26478.555814
-134.748407,75,26480.989823
-605.480947,459,26493.512471
-140.346431,104,26496.894741
-558.703227,380,26507.611497
-140.237943,78,26510.223751
-324.310176,246,26516.78493
-124.026339,42,26518.149798
-124.026339,42,26519.037133
-590.964644,2579,26613.243766
-227.900421,134,26616.783545
-129.86647,61,26618.805619
-225.05933,258,26629.835245
-250.56578,233,26636.067171
-164.692898,120,26639.263937
-259.04794,595,26660.203319
-193.444577,361,26672.931263
-172.286329,203,26679.493644
-178.537703,205,26685.720671
-470.890583,401,26696.551389
-135.284513,147,26700.99375
-507.952532,411,26712.537508
-430.435767,1646,26771.348279
-1100.239608,1083,26800.402401
-1165.198674,1069,26829.188447
-849.68573,1922,26892.739177
-489.788352,432,26904.012487
-334.576803,308,26913.066295
-132.412581,68,26915.192053
-158.254354,184,26921.522183
-481.003325,375,26932.121372
-134.597129,101,26935.27825
-467.993439,457,26951.375558
-405.075093,404,26962.728971
-118.967086,33,26963.477819
-118.962564,33,26964.68952
-156.247676,84,26966.588236
-825.689913,714,26986.850118
-300.671392,916,27015.430584
-491.881123,358,27025.211368
-355.440276,878,27054.373015
-134.463414,62,27056.404405
-165.291771,230,27063.422065
-367.085321,583,27081.538494
-129.834432,76,27083.817087
-422.193278,278,27090.928748
-293.916524,252,27097.770774
-137.042869,63,27099.212711
-814.199152,1608,27147.330766
-181.503401,115,27150.507294
-232.271637,593,27170.420436
-390.253695,344,27179.372377
-342.145711,249,27185.887537
-975.541245,916,27211.281995
-196.539824,144,27215.279758
-258.219197,213,27221.152159
-436.525774,300,27229.443267
-1018.115056,1562,27280.824368
-131.883909,88,27283.84544
-208.655022,152,27288.130418
-1037.802266,1468,27332.17622
-297.114203,208,27337.859012
-883.065299,949,27365.502684
-347.605174,1391,27413.034532
-464.414649,502,27427.141317
-1207.588774,1152,27458.945324
-578.698336,467,27471.831798
-707.374916,2799,27570.687037
-229.276175,173,27575.222034
-909.633874,1723,27630.205592
-254.616772,575,27649.855536
-368.525639,339,27659.36343
-683.202489,993,27690.378298
-676.835188,1356,27734.29283
-280.468697,738,27759.202174
-193.229864,168,27763.363981
-138.321325,109,27766.529388
-130.881407,75,27768.851565
-331.042002,340,27778.27405
-1002.152349,3198,27883.947768
-458.250133,317,27891.373384
-238.027335,240,27897.419587
-785.519235,637,27912.31302
-327.666222,228,27918.162094
-276.080624,951,27947.610983
-470.988307,1069,27979.807057
-254.890991,534,27995.397743
-242.772927,398,28006.988119
-793.023373,726,28024.765321
-402.560136,1656,28077.547687
-743.759457,851,28099.783215
-210.913705,501,28116.208574
-122.209785,34,28117.075105
-122.209785,34,28117.77808
-369.431401,303,28125.383922
-122.457971,35,28126.440034
-568.362417,688,28144.190103
-138.838986,91,28146.508234
-821.760483,1599,28195.430076
-542.489945,527,28207.687284
-716.855715,3571,28315.788829
-590.240576,542,28329.535207
-840.030497,772,28347.564673
-219.333588,233,28353.547721
-254.821356,215,28358.840131
-150.274204,92,28361.052184
-144.754814,91,28363.205587
-501.330383,392,28372.839692
-128.179796,53,28373.893763
-133.192031,78,28375.935573
-689.952618,922,28398.669791
-765.750518,1724,28450.700066
-376.061131,941,28477.504058
-2556.522443,2593,28539.18357
-687.110355,1167,28571.694258
-1163.116507,1159,28598.264824
-246.973395,215,28603.158655
-515.778893,822,28624.638639
-495.120324,921,28649.099545
-558.071222,773,28668.213934
-203.840926,524,28682.822867
-186.527487,434,28694.850025
