#{"t_start": 1595660068.9170067, "env_id": null}
r,l,t
-5039.542538,3571,105.123976
-3241.873413,3571,211.6841
-3964.61694,3571,315.527826
-4752.530684,3571,417.214013
-4446.039979,3571,521.254525
-5638.039037,3571,621.260045
-5303.034359,3571,721.725109
-4570.440505,3571,822.521636
-4504.500275,3571,924.805731
-4395.81998,3571,1025.405132
-4433.740277,3571,1130.484287
-4762.716158,3571,1231.777571
-4385.894289,3571,1335.545918
-4911.954482,3571,1436.329465
-702.07887,530,1450.401039
-208.857537,68,1451.646328
-209.770716,76,1453.508372
-226.935697,122,1456.530358
-300.078612,142,1460.207081
-1090.67078,658,1474.361151
-934.666226,579,1487.878704
-566.457795,301,1494.648419
-553.499201,298,1501.044977
-324.486913,163,1505.165509
-634.087347,444,1515.457107
-439.419454,307,1522.699981
-208.364036,70,1524.475146
-1243.333424,899,1545.851829
-198.660754,70,1547.552682
-198.638778,70,1548.838879
-198.661217,70,1550.560977
-198.66565,70,1552.274062
-198.662993,70,1553.530776
-690.865345,493,1564.788975
-303.259677,173,1568.711896
-557.758175,386,1577.748222
-519.184845,339,1584.997349
-757.774288,526,1597.222459
-782.112088,594,1611.036676
-294.167025,247,1617.070187
-409.375429,292,1624.157074
-361.426421,257,1631.02131
-676.247896,516,1642.492681
-1622.839111,1341,1674.464575
-980.794798,710,1690.911649
-1428.890267,1175,1720.579517
-430.249177,331,1729.239658
-2166.411222,3571,1841.883621
-547.041299,327,1850.449041
-522.840478,321,1859.387124
-1512.121729,1080,1889.353929
-1323.333192,998,1915.703869
-2039.587209,1622,1960.87095
-1955.238461,1596,2006.29355
-440.599685,306,2015.273333
-1189.309417,838,2038.492845
-1851.830808,1424,2078.025749
-3137.119116,2594,2150.935883
-925.135011,720,2171.867172
-118.145602,35,2173.420086
-1681.395412,1454,2214.553868
-1763.386525,1461,2255.452052
-345.566905,193,2261.285135
-3082.776589,2731,2342.291634
-3917.390764,3336,2438.13539
-311.484631,183,2443.708759
-2615.014573,2348,2515.22624
-818.803388,561,2530.089796
-351.38729,268,2538.336334
-1907.709744,1532,2580.627371
-1418.235969,1358,2622.730993
-2411.003842,2113,2683.4818
-1311.348017,1108,2715.466822
-2636.722555,2262,2782.709869
-3352.874345,3536,2889.615733
-1195.058565,1109,2922.632094
-2999.807753,2751,2999.623845
-3728.705558,3571,3099.459588
-2362.366852,2103,3159.906664
-135.202635,75,3162.673937
-1771.431846,1523,3205.796162
-1148.717256,1272,3247.044533
-4017.997857,3571,3345.654212
-3800.406245,3571,3446.705029
-1808.68361,1897,3505.120472
-950.943047,830,3529.351838
-1258.60447,1652,3582.655221
-137.380838,64,3584.936666
-975.635953,930,3614.093625
-137.101382,56,3616.087872
-2447.508266,3136,3717.422537
-1677.093112,1805,3773.702585
-1911.829729,1826,3829.167013
-134.937332,57,3831.304696
-1198.838954,1447,3878.067109
-131.959471,59,3879.936536
-434.570514,575,3899.84572
-317.373859,261,3907.907067
-1326.232467,1644,3963.349893
-320.283209,408,3978.22802
-1374.389137,1226,4013.281587
-795.257069,884,4040.853406
-806.985482,3571,4179.342573
-2196.779018,1859,4232.19254
-425.600278,284,4241.251686
-1663.910259,1627,4290.311454
-487.636048,439,4305.188569
-1505.414919,1446,4348.312623
-3040.176909,3571,4460.951743
-165.63629,122,4464.938625
-787.219208,724,4487.486467
-632.67672,676,4507.987806
-1250.007426,1301,4547.889454
-318.087332,262,4556.378132
-122.775856,35,4557.416228
-864.461343,1173,4596.313167
-910.579354,3571,4731.697723
-203.673203,227,4739.827965
-222.934282,148,4744.589519
-1008.479622,1115,4781.127069
-1275.480345,2653,4877.088803
-616.385787,686,4898.357692
-1034.389473,1504,4948.084525
-254.572226,269,4957.356537
-2002.145341,2904,5056.881448
-255.544122,160,5061.281045
-632.601256,749,5085.65015
-589.455078,674,5107.875464
-560.044619,867,5139.965619
-765.210994,568,5156.771446
-202.4843,185,5162.919883
-1439.262712,3571,5295.10042
-843.306248,1237,5338.251805
-442.252631,488,5354.510218
-471.341334,531,5372.928635
-812.214614,1233,5415.769628
-710.505715,1188,5456.776917
-2727.595938,3571,5568.774843
-1930.595779,3571,5693.801602
-595.484442,879,5723.17973
-2219.579488,3571,5841.542843
-711.503008,1097,5880.975699
-1347.222802,3571,6013.245083
-896.543242,1600,6072.196147
-1046.216731,3571,6209.780463
-414.443363,702,6236.183468
-361.548121,412,6250.149581
-951.169532,3571,6385.388885
-1240.21104,3571,6516.521504
-691.581018,3571,6656.359552
-1184.811284,3170,6779.847366
-338.649951,248,6787.04072
-1170.197468,1729,6846.802563
-759.050659,1682,6911.640514
-1032.764731,3571,7050.353814
-1600.653529,3571,7180.300467
-1377.177865,1693,7234.400648
-809.086034,3571,7383.202401
-900.749322,1294,7427.125428
-263.378928,2023,7498.63669
-1205.764835,3571,7642.350221
-1014.154659,1822,7706.328228
-806.55693,1465,7759.782389
-892.149754,3571,7912.841264
-226.676132,312,7924.343653
-452.916353,884,7957.585678
-825.188228,1870,8028.315841
-2821.655933,3571,8140.005762
-3578.813155,3571,8243.651557
-171.743555,100,8246.965227
-1870.632703,2404,8324.356327
-707.511941,806,8350.386387
-183.174458,154,8355.893088
-706.30285,779,8380.641406
-890.462798,1823,8445.943281
-683.706418,743,8470.543188
-289.960772,197,8476.358989
-788.287124,1019,8512.03174
-330.77677,325,8522.851291
-570.391492,1412,8578.555385
-1240.74851,1462,8624.939288
-665.606836,1153,8666.278307
-432.747146,3571,8816.430987
-682.347391,3571,8954.373037
-1030.626673,3571,9096.445407
-342.661101,246,9103.778493
-124.695113,46,9105.786832
-125.003217,47,9107.13913
-125.003217,47,9108.613284
-544.000405,513,9124.88442
-1600.434479,3571,9251.80164
-1038.837322,1632,9307.024748
-322.057108,225,9313.527385
-115.234495,31,9314.383977
-115.165488,30,9315.582923
-771.060622,1967,9390.198
-387.382499,523,9408.00722
-1368.071521,3571,9544.884604
-856.850069,3571,9689.7725
-472.93596,401,9702.029464
-197.011477,305,9713.039601
-775.195717,3571,9852.639714
-919.519666,3571,9990.445248
-702.248283,3571,10129.172953
-1462.244233,2176,10200.140362
-305.540188,473,10216.908943
-828.248805,3571,10349.853438
-706.08218,3571,10489.933656
-1632.435359,3571,10614.838742
-405.661938,593,10634.107502
-1235.592157,3571,10761.434122
-1276.315578,3571,10893.940847
-692.815749,3571,11035.823117
-17.459652,3571,11182.693362
-300.214027,378,11195.361919
-393.339605,615,11216.073236
-578.930592,1019,11250.052461
-952.423509,3571,11397.543794
-2001.307524,1962,11452.830735
-530.814788,444,11465.341066
-2787.103152,3571,11572.77937
-1024.070722,1189,11608.635868
-1259.751813,1890,11673.785518
-686.406777,791,11699.185221
-258.222541,282,11708.891371
-238.86669,316,11720.518917
-835.093381,1022,11752.448267
-1495.976471,1563,11799.2435
-1763.702674,2771,11886.082768
-212.684308,178,11891.684993
-307.286795,408,11905.135695
-521.308862,1297,11955.093089
-892.177063,3571,12097.964637
-345.551282,756,12125.158851
-558.96761,1653,12184.153822
-135.32763,69,12186.541401
-230.216432,578,12208.695199
-119.113294,29,12209.803195
-1819.216027,2641,12290.586092
-783.437063,3571,12414.419567
-1542.116256,1537,12455.822962
-1695.896284,3571,12571.400657
-2471.312624,3571,12682.336402
-1074.195362,3571,12811.046285
-1746.023582,3571,12930.329746
-231.210478,197,12935.93987
-116.115716,27,12936.591257
-116.115716,27,12937.240957
-1276.544279,3571,13064.210412
-286.808153,309,13073.808839
-591.781734,820,13097.943054
-450.025111,3571,13214.509726
-490.6955,539,13230.195157
-678.512792,1133,13266.569566
-373.422419,3571,13406.626274
-322.173786,3571,13545.956925
-336.497741,3571,13684.608996
-367.262287,3571,13820.301401
-114.678733,28,13820.960248
-114.678733,28,13821.59381
-114.800004,30,13822.710908
1575.653599,3571,13948.125195
-591.848278,1730,14007.505946
-725.435976,3571,14142.504743
-820.807007,898,14167.586372
-180.049155,3571,14290.371308
-360.561151,667,14313.148663
-894.675865,2409,14402.51628
-1688.875094,2152,14466.275354
-493.289817,515,14480.930643
765.475683,3571,14610.859729
-229.956082,232,14617.796339
-2047.163734,3571,14732.830161
-113.764197,22,14733.388706
-246.898521,142,14737.609366
-114.057258,23,14738.21563
-114.057258,23,14738.808207
-114.061579,23,14739.784771
-666.250575,790,14762.970886
-114.006223,23,14763.962142
-113.957708,23,14764.563601
-113.957708,23,14765.171732
-113.957708,23,14765.786679
-113.957909,23,14766.786565
-114.129843,23,14767.400842
-114.129843,23,14768.042326
-114.129843,23,14768.645379
-114.129843,23,14769.242671
-114.410379,24,14770.278329
-114.410379,24,14770.943499
-114.410379,24,14771.598079
-114.410379,24,14772.27294
-689.92731,1053,14807.123804
-114.656333,24,14807.804544
-114.656333,24,14808.486042
-283.027513,735,14837.642387
-114.066277,23,14838.326091
-114.066277,23,14838.970024
-114.066277,23,14840.065884
-113.811715,23,14840.840813
-113.811715,23,14841.627717
-113.811715,23,14842.401544
-113.811715,23,14843.038438
-113.726671,23,14844.111337
-113.821388,23,14844.719946
-113.821388,23,14845.358633
-113.821388,23,14845.998177
-113.818571,23,14846.99142
-245.458261,227,14853.204817
-787.35579,634,14870.001636
-704.028543,622,14887.461771
-151.086225,122,14891.713937
-324.537675,266,14899.196887
-2714.796198,2999,14985.93548
-1605.769411,1808,15039.825491
-1793.727814,3571,15152.124353
-120.216871,39,15153.114082
-611.325069,909,15183.415719
-618.679944,1069,15216.581366
-245.088552,278,15225.487426
-818.507786,3571,15353.67279
-838.53253,710,15373.021002
-932.728146,3571,15511.250179
-1612.237478,3571,15615.425843
-934.982349,1069,15647.330926
-2236.257321,2886,15731.516302
-204.703451,340,15743.071903
-384.167498,424,15756.074988
-946.024626,3571,15875.194762
-174.17944,102,15878.134587
-2061.451652,3571,15985.317804
-470.522536,1166,16026.909012
-240.30242,208,16032.943767
-390.431882,536,16049.562428
-876.302537,3571,16172.94518
-579.579849,552,16188.205508
-550.862892,1325,16232.83303
-650.333832,754,16255.274545
-345.494326,459,16270.738005
-798.979689,3571,16414.526463
-463.776364,435,16427.689324
-201.891263,124,16431.036064
-201.479936,120,16434.36834
-468.772331,446,16446.742195
-124.897365,35,16447.631966
-124.897365,35,16448.522375
-125.396153,36,16449.864558
-684.292726,541,16464.645669
-694.624159,538,16478.667039
-613.302285,723,16501.061132
-120.718958,29,16501.876157
-120.718958,29,16502.678931
-120.718958,29,16503.542119
-121.491298,30,16504.789353
-121.491298,30,16505.605896
-121.491298,30,16506.4197
-120.955485,30,16507.69462
-1943.372152,2173,16573.750002
-115.245262,25,16574.770722
-115.111369,25,16575.458941
-115.111369,25,16576.12937
-115.111369,25,16576.797862
-803.527598,882,16601.886016
-120.698317,29,16603.01517
-127.748999,46,16604.206427
-127.748999,46,16605.409881
-122.563598,31,16606.600921
-121.734193,30,16607.404747
-121.734193,30,16608.198971
-685.085869,745,16629.461839
-1204.227409,1568,16678.210129
-828.514829,1274,16718.421398
-117.562147,28,16719.55374
-117.326999,26,16720.227401
-117.326999,26,16720.904936
-117.326999,26,16721.5744
-117.676105,27,16722.655767
-468.158646,750,16746.189884
-179.678645,141,16750.182297
-114.368068,23,16751.109294
-114.368068,23,16751.666174
-114.368068,23,16752.232214
-114.368068,23,16752.7954
-114.845369,24,16753.770468
-642.886046,582,16768.941916
-605.434829,787,16793.973666
-258.825379,234,16801.539532
-116.491515,27,16802.327044
-116.491515,27,16803.070528
-116.491515,27,16803.772084
-115.354979,25,16804.811172
-115.326364,25,16805.492748
-115.326364,25,16806.22796
-115.326364,25,16806.926534
-595.328807,873,16834.903422
-281.367429,208,16840.512186
-301.777757,774,16868.324414
-703.10374,624,16884.151651
-176.037325,130,16888.269301
-115.28833,25,16888.851028
-115.28833,25,16889.431801
-115.28833,25,16890.021578
-114.860298,24,16890.972767
-322.945856,213,16896.229228
-190.7109,170,16901.46281
-1073.019997,1384,16943.807284
-113.090381,21,16944.295022
-113.047628,21,16945.152002
-113.053253,21,16945.658728
-113.053253,21,16946.151666
-113.053253,21,16946.671823
-113.053253,21,16947.202708
-113.090697,21,16948.134952
-113.090697,21,16948.671299
-113.090697,21,16949.237298
-113.090697,21,16949.7884
-113.090708,21,16950.679935
-113.079428,21,16951.242494
-113.079428,21,16951.783989
-113.079428,21,16952.31514
-113.079428,21,16952.870209
-113.077159,21,16953.792945
-113.077981,21,16954.318345
-113.077981,21,16954.871306
-113.077981,21,16955.387271
-113.077981,21,16955.900126
-113.0447,21,16956.785873
-113.065536,21,16957.274889
-113.065536,21,16957.744188
-113.065536,21,16958.215263
-113.065536,21,16958.688363
-113.074495,21,16959.52269
-113.074495,21,16960.006493
-113.074495,21,16960.487744
-113.074495,21,16960.963166
-113.074498,21,16961.800453
-113.102165,21,16962.283675
-113.102165,21,16962.764876
-113.102165,21,16963.244148
-113.102165,21,16963.722013
-113.102572,21,16964.575137
-113.101459,21,16965.059252
-113.101459,21,16965.549059
-113.101459,21,16966.072939
-113.101459,21,16966.607473
-113.044882,21,16967.499526
-113.141587,21,16967.999909
-113.141587,21,16968.541856
-113.141587,21,16969.095041
-113.141587,21,16969.654286
-1682.889911,2854,17056.80163
-113.938685,23,17057.422616
-113.938685,23,17058.042962
-113.092633,21,17058.947641
-113.092633,21,17059.534985
-113.092633,21,17060.079147
-113.092633,21,17060.622813
-113.092727,21,17061.626098
-113.082238,21,17062.134257
-113.082238,21,17062.623385
-113.082238,21,17063.115815
-113.082238,21,17063.604196
-271.887654,210,17069.459645
-663.15673,628,17087.016392
-212.774585,142,17090.727725
-113.086297,21,17091.21336
-965.741769,1349,17130.268848
-1560.462457,3571,17257.149233
-113.289366,21,17257.739425
-113.289366,21,17258.310404
-113.289366,21,17258.813734
-113.289366,21,17259.339762
-113.284022,21,17260.21155
-323.588032,244,17266.943585
-113.149232,21,17267.439863
-113.149232,21,17267.95523
-113.062807,21,17268.821586
-113.062807,21,17269.319532
-113.062807,21,17269.819844
-113.062807,21,17270.308161
-113.06246,21,17271.176036
-113.479732,21,17271.691383
-113.479732,21,17272.182567
-113.479732,21,17272.659512
-113.479732,21,17273.201287
-113.479695,21,17274.051548
-113.48443,21,17274.54482
-113.48443,21,17275.108658
-113.48443,21,17275.641075
-113.48443,21,17276.130089
-263.685567,315,17286.863862
-294.154345,460,17301.742133
-112.759592,20,17302.202513
-1729.660599,2819,17391.622032
-112.705696,20,17392.082796
-112.705696,20,17392.551832
-112.705696,20,17393.030861
-112.705696,20,17393.510178
-112.705393,20,17394.371874
-113.032723,21,17394.870151
-113.032723,21,17395.442567
-113.032723,21,17396.024375
-113.032723,21,17396.648995
-113.050715,21,17397.594878
-112.723563,20,17398.090159
-112.723563,20,17398.585965
-112.723563,20,17399.097092
-112.723563,20,17399.608734
-112.726062,20,17400.516452
-909.650067,3571,17546.160974
-597.520882,3571,17671.033807
-605.163037,554,17686.954918
-173.767612,3571,17816.657565
-257.624328,315,17825.987564
-287.683295,379,17837.466952
-736.065132,3571,17979.010803
-626.629617,729,18001.647455
-884.402972,1511,18049.02879
-341.436408,348,18059.915086
-1364.204099,3571,18174.915612
-523.468107,905,18204.334434
-168.505091,143,18208.677172
-513.289033,3571,18329.883833
-135.36287,83,18332.609973
-592.536923,3571,18454.652269
-143.989853,77,18456.88073
-597.492874,476,18469.560672
-299.707241,210,18475.033236
-225.920205,147,18478.745063
-428.635605,363,18488.505316
-133.945828,57,18490.255062
-513.892784,500,18503.669391
-560.692581,578,18519.320595
-580.6554,1127,18560.045119
-879.18756,983,18587.838348
-437.980033,3571,18708.419039
-286.539121,212,18713.877579
-1254.767586,1202,18744.822036
-131.345248,66,18746.840267
-307.762629,228,18752.770436
-145.652621,70,18755.035734
-136.655556,66,18757.376689
-361.362512,374,18769.067988
-932.05615,3571,18885.721774
-472.047757,561,18901.752619
-377.88994,479,18916.428896
-113.090842,21,18917.340269
-113.090874,21,18917.953562
-113.090874,21,18918.501529
-113.090874,21,18919.028843
-113.090874,21,18919.601648
-113.087763,21,18920.56871
-113.087763,21,18921.138439
-113.087763,21,18921.687961
-113.087763,21,18922.186852
-113.087767,21,18923.055346
-113.061872,21,18923.588572
-113.061872,21,18924.110589
-113.061872,21,18924.590816
-113.061872,21,18925.067974
-113.065621,21,18925.922709
-113.059853,21,18926.393808
-113.059853,21,18926.863517
-113.059853,21,18927.347662
-113.059853,21,18927.825841
-113.050406,21,18928.670973
-113.045269,21,18929.147645
-113.045269,21,18929.618734
-113.045269,21,18930.089708
-113.045269,21,18930.559799
-113.500257,22,18931.459067
-113.119361,21,18931.930717
-113.119361,21,18932.396237
-113.119361,21,18932.872476
-113.117833,21,18933.735981
-113.119227,21,18934.229208
-113.119227,21,18934.719921
-113.119227,21,18935.201591
-113.119227,21,18935.683799
-113.122951,21,18936.539737
-113.135159,21,18937.026888
-113.135159,21,18937.511275
-113.135159,21,18937.990539
-113.135159,21,18938.458113
-113.13577,21,18939.328198
-113.047108,21,18939.79273
-113.047108,21,18940.262617
-113.047108,21,18940.746016
-113.047108,21,18941.227761
-113.053295,21,18942.094589
-113.053295,21,18942.592534
-113.053295,21,18943.084371
-113.053295,21,18943.573686
-113.053295,21,18944.447874
-113.11531,21,18945.014519
-113.11531,21,18945.554179
-113.11531,21,18946.100465
-113.11531,21,18946.589852
-113.118607,21,18947.490585
-113.04462,21,18948.018065
-113.04462,21,18948.53084
-113.04462,21,18949.044392
-113.04462,21,18949.554569
-113.044801,21,18950.449842
-113.118084,21,18950.94319
-113.118084,21,18951.476576
-113.118084,21,18952.043169
-113.118084,21,18952.592542
-113.110979,21,18953.510783
-113.101727,21,18953.988437
-113.101727,21,18954.466654
-113.101727,21,18954.954619
-113.101727,21,18955.821142
-113.066989,21,18956.293336
-113.066989,21,18956.755444
-113.066989,21,18957.23193
-113.066989,21,18957.70086
-113.066989,21,18958.583936
-113.196225,21,18959.115305
-113.196225,21,18959.605927
-113.196225,21,18960.09387
-113.196225,21,18960.585721
-113.208436,21,18961.456067
-113.047034,21,18961.947314
-113.047034,21,18962.430826
-113.047034,21,18962.919489
-113.047034,21,18963.407349
-113.052441,21,18964.246027
-113.052441,21,18964.714474
-113.052441,21,18965.186432
-113.052441,21,18965.658251
-113.052441,21,18966.128741
-113.044904,21,18966.957766
-113.044904,21,18967.422337
-113.044904,21,18967.889087
-113.044904,21,18968.351584
-113.044528,21,18969.190118
-113.1517,21,18969.656555
-113.1517,21,18970.122507
-113.1517,21,18970.588741
-113.1517,21,18971.055311
-113.151633,21,18971.891029
-113.088741,21,18972.360904
-113.088741,21,18972.829624
-113.088741,21,18973.290509
-113.088741,21,18973.780197
-113.087032,21,18974.645542
-113.471461,22,18975.182794
-113.471461,22,18975.717738
-113.471461,22,18976.251286
-113.469869,22,18977.190558
-113.346641,21,18977.699457
-113.346641,21,18978.192274
-113.346641,21,18978.689554
-113.346641,21,18979.186452
-113.346743,21,18980.059201
-113.456588,22,18980.578254
-113.456588,22,18981.101398
-113.456588,22,18981.624648
-113.456588,22,18982.152221
-113.414382,22,18983.06635
-113.494027,22,18983.59379
-113.494027,22,18984.139577
-113.494027,22,18984.68581
-113.493692,22,18985.601974
-113.459286,22,18986.161375
-113.459286,22,18986.732518
-113.459286,22,18987.304774
-113.459286,22,18987.866258
-113.491419,22,18988.80235
-113.492526,22,18989.363516
-113.492526,22,18989.918175
-113.492526,22,18990.473025
-113.505115,22,18991.396697
-113.346744,21,18991.90028
-113.346744,21,18992.393696
-113.346744,21,18992.885421
-113.346744,21,18993.384988
-113.436274,22,18994.326828
-113.490775,22,18994.872453
-113.490775,22,18995.425547
-113.490775,22,18995.978743
-113.490775,22,18996.524783
-113.466709,22,18997.449977
-113.466709,22,18997.978697
-113.466709,22,18998.509046
-113.466709,22,18999.167143
-113.455869,22,19000.165618
-113.411982,22,19000.800203
-113.411982,22,19001.369644
-113.411982,22,19001.91442
-113.411982,22,19002.46054
-113.353365,21,19003.347916
-113.353365,21,19003.833001
-113.353365,21,19004.322048
-113.353365,21,19004.824807
-113.353365,21,19005.692981
-113.328595,21,19006.189433
-113.328595,21,19006.680831
-113.328595,21,19007.182223
-113.328595,21,19007.676415
-113.417751,22,19008.592414
-113.44279,22,19009.133664
-113.44279,22,19009.673973
-113.44279,22,19010.223633
-113.44279,22,19010.760779
-113.413338,22,19011.698071
-113.440343,22,19012.235032
-113.440343,22,19012.793654
-113.440343,22,19013.347985
-113.437736,22,19014.304469
-113.465855,22,19014.831726
-113.465855,22,19015.351778
-113.465855,22,19015.870226
-113.465855,22,19016.402596
-113.437533,22,19017.32768
-113.41262,22,19017.858962
-113.41262,22,19018.395272
-113.41262,22,19018.936083
-113.326957,21,19019.822106
-113.540754,22,19020.345058
-113.540754,22,19020.866541
-113.540754,22,19021.402285
-113.540754,22,19021.935338
-113.538052,22,19022.839737
-113.345239,21,19023.328491
-113.345239,21,19023.817336
-113.345239,21,19024.309982
-113.345239,21,19024.796889
-113.497651,22,19025.735986
-113.436153,22,19026.266505
-113.436153,22,19026.793692
-113.436153,22,19027.325538
-113.436755,22,19028.24051
-113.412347,22,19028.780488
-113.412347,22,19029.319329
-113.412347,22,19029.861939
-113.412347,22,19030.402917
-113.410625,22,19031.339977
-113.411522,22,19031.88766
-113.411522,22,19032.43733
-113.411522,22,19032.986363
-113.328662,21,19033.880302
-113.308798,21,19034.377859
-113.308798,21,19035.004262
-113.308798,21,19035.496386
-113.308798,21,19035.997972
-113.311564,21,19036.965749
-113.472829,22,19037.604138
-113.472829,22,19038.270825
-113.472829,22,19038.9201
-113.472829,22,19039.580037
-113.507829,22,19040.528833
-113.816979,22,19041.054088
-113.816979,22,19041.578046
-113.816979,22,19042.103509
-113.802723,22,19043.025858
-113.309151,21,19043.551208
-113.309151,21,19044.120024
-113.309151,21,19044.756857
-113.309151,21,19045.36117
-113.335123,21,19046.276415
-113.562454,22,19046.802674
-113.562454,22,19047.338066
-113.562454,22,19047.858728
-113.562454,22,19048.37718
-113.561214,22,19049.346297
-113.549629,22,19049.898483
-113.549629,22,19050.424753
-113.549629,22,19050.956475
-113.569375,22,19051.854347
-113.581272,22,19052.375821
-113.581272,22,19052.89923
-113.581272,22,19053.430359
-113.581272,22,19053.967247
-113.541062,22,19054.850999
-1635.538017,1654,19101.966112
-554.987706,394,19112.463655
-114.939717,25,19113.201905
-114.444899,24,19114.234537
-113.820745,24,19114.907812
-113.820745,24,19115.58364
-113.820745,24,19116.237957
-114.129182,25,19117.358216
-113.504537,22,19117.906426
-113.504537,22,19118.451911
-113.504537,22,19119.005006
-113.504537,22,19120.001821
-113.201624,21,19120.565265
-113.201624,21,19121.172248
-113.201624,21,19121.731376
-113.201624,21,19122.237907
-113.486395,22,19123.184963
-113.837089,22,19123.728795
-113.837089,22,19124.313555
-113.837089,22,19124.864656
-113.837089,22,19125.440542
-113.839374,22,19126.381329
-113.763397,23,19126.967183
-113.763397,23,19127.560067
-113.763397,23,19128.156926
-113.783199,23,19129.143585
-113.411335,22,19129.701249
-113.411335,22,19130.260717
-113.411335,22,19130.815423
-113.411335,22,19131.350542
-113.70356,23,19132.318219
-113.360634,21,19132.824902
-113.360634,21,19133.333157
-113.360634,21,19133.837178
-113.360635,21,19134.710067
-113.454121,22,19135.268406
-113.454121,22,19135.813658
-113.454121,22,19136.400114
-113.454121,22,19136.947486
-113.454014,22,19137.901079
-113.169535,21,19138.395952
-113.169535,21,19138.930467
-113.169535,21,19139.461001
-113.169535,21,19139.942781
-113.460411,22,19140.836828
-113.376496,22,19141.361085
-113.376496,22,19141.888987
-113.376496,22,19142.417229
-113.376496,22,19143.3282
-113.110084,21,19143.823642
-113.110084,21,19144.336462
-113.110084,21,19144.842681
-113.110084,21,19145.340526
-113.113788,21,19146.243426
-113.166412,21,19146.744976
-113.166412,21,19147.251994
-113.166412,21,19147.753258
-113.166412,21,19148.255053
-113.212965,21,19149.143248
-113.191524,21,19149.640064
-113.191524,21,19150.136683
-113.191524,21,19150.634305
-113.191537,21,19151.525164
-244.514592,177,19156.024733
-222.069927,127,19159.712132
-113.560917,22,19160.243922
-113.560917,22,19160.774589
-113.560917,22,19161.308003
-113.560917,22,19161.838366
-113.993896,23,19162.779228
-115.075778,25,19163.385928
-115.075778,25,19163.983732
-115.075778,25,19164.562219
-970.977992,912,19189.364254
-124.085429,49,19190.714647
-124.477081,50,19192.438503
-113.49148,22,19193.018347
-113.49148,22,19193.595389
-113.49148,22,19194.266813
-113.49148,22,19194.928785
-113.289734,21,19195.870062
-113.28973,21,19196.3708
-113.28973,21,19196.860547
-113.28973,21,19197.358605
-113.28973,21,19197.844655
-113.348221,21,19198.727549
-113.356406,21,19199.215853
-113.356406,21,19199.712294
-113.356406,21,19200.202646
-113.356406,21,19201.096691
-1584.022622,1638,19245.735402
-369.904207,227,19251.771088
-326.306912,282,19259.761801
-1503.260083,1703,19305.268565
-114.274757,23,19305.817148
-114.274757,23,19306.350686
-133.965328,53,19307.986864
-1322.993785,3571,19425.678665
-706.013252,830,19450.718271
-115.515795,24,19451.368043
-115.515795,24,19451.94511
-855.956301,769,19473.683276
-115.550016,24,19474.235066
-780.316209,725,19494.399236
-334.872186,319,19503.385687
-116.392332,25,19503.991718
-116.392332,25,19504.602661
-1221.497728,2335,19581.68058
-426.1004,367,19591.333731
-424.7385,306,19599.398556
-543.308498,3571,19725.803105
-379.465034,432,19738.403252
-344.809168,202,19744.148492
-737.916573,3571,19879.572457
-469.182404,895,19910.872591
-649.652495,681,19930.477408
-172.270241,146,19934.853143
-479.446569,532,19952.394089
-419.808341,1117,19990.437421
-309.401081,298,19999.2577
-868.525727,1130,20032.931248
-340.106974,338,20042.868453
-333.9721,234,20049.065824
-145.391063,68,20050.984686
-155.374552,112,20054.274324
-113.170137,21,20054.777609
-113.170137,21,20055.273222
-113.170137,21,20055.775273
-113.170137,21,20056.66835
-359.723567,294,20064.9019
-113.413697,22,20065.814341
-113.413697,22,20066.376271
-113.413697,22,20066.974236
-113.413697,22,20067.501623
-381.288605,442,20081.452589
-412.092571,476,20095.793332
-583.915825,969,20126.278708
-885.184639,3571,20250.031973
-788.69063,3571,20366.319119
-409.192913,415,20378.040106
-507.743668,475,20390.105625
-980.231514,1355,20428.726202
-405.697399,311,20436.940013
-902.861895,3571,20558.058355
-715.88346,787,20579.94995
-490.514051,477,20593.160305
-248.586011,445,20607.817925
-116.689155,27,20608.474143
-115.634578,25,20609.452224
-502.635137,738,20630.739629
-936.282209,1449,20672.857447
-343.947929,475,20687.788593
-291.901161,366,20698.454102
-413.515493,381,20708.887612
-250.600793,244,20715.718936
-696.617288,845,20739.080066
-427.120476,617,20757.396716
-355.546494,275,20763.986503
-265.221686,189,20769.172406
-453.066955,841,20796.56967
-746.910908,3571,20917.592797
-1772.463834,3571,21026.817066
-116.661503,27,21027.498884
-637.299087,832,21052.8236
-868.148067,1801,21112.719311
-882.965847,861,21134.806268
-498.727082,662,21154.738422
-722.510094,3571,21280.502186
-1093.741517,3571,21411.506375
-1414.745878,2169,21475.788342
-579.116917,3571,21605.032488
-790.910572,3571,21723.638149
-1619.242543,2106,21779.594589
-756.934828,640,21794.94342
-229.022717,191,21799.950016
-1596.286703,3571,21912.986896
-329.969362,237,21918.870642
-114.84276,25,21919.454622
-114.84276,25,21920.041261
-114.697593,25,21921.063462
-114.516816,24,21921.681465
-114.516816,24,21922.276454
-114.516816,24,21922.882919
-430.102895,352,21931.320462
-303.875611,159,21935.338386
-116.16611,29,21935.976496
-116.16611,29,21936.633263
-116.16611,29,21937.285925
-402.431778,353,21946.473941
-115.12871,28,21947.040303
-115.12871,28,21947.99989
-1202.024622,3571,22066.551245
-115.208983,29,22067.617005
-309.523492,218,22072.643089
-114.816184,27,22073.217176
-114.816184,27,22073.795738
-114.816184,27,22074.375811
-563.612806,3571,22199.859045
-1196.543721,2763,22289.561543
-533.035256,676,22307.890506
-590.698449,3571,22432.044569
-671.486154,3571,22551.6372
-220.664176,151,22555.713022
-444.593953,564,22571.10358
-117.375789,28,22571.665802
-330.769123,220,22576.867937
-117.265213,28,22577.473225
-117.265213,28,22578.079483
-117.265213,28,22578.686034
-581.841347,590,22593.598595
-892.658767,1296,22631.747743
-1626.421505,3571,22747.572208
-468.105861,477,22761.73279
-2203.937165,3571,22865.812114
-463.810607,490,22880.517607
-115.122401,28,22881.612973
-114.688861,27,22882.274164
-114.688861,27,22882.933768
-114.688858,27,22883.975745
-430.277441,861,22913.840718
-859.854209,3571,23041.509313
-425.12469,382,23051.515339
-114.707279,27,23052.202485
-114.707279,27,23052.889241
-114.707279,27,23053.599368
-715.282048,1063,23088.036884
-114.782132,27,23088.721056
-333.045095,451,23103.016332
-2433.235348,3571,23207.872019
-114.24838,27,23208.541158
-114.24838,27,23209.213816
-114.24838,27,23209.863977
-114.261773,27,23210.909034
-114.503845,28,23211.565202
-114.503845,28,23212.27324
-114.503885,28,23213.408122
-114.246353,27,23214.039021
-114.246353,27,23214.655504
-114.246353,27,23215.334351
-114.240539,27,23216.469445
-114.236417,27,23217.088287
-114.236417,27,23217.706979
-114.236417,27,23218.324256
-114.117238,27,23219.311915
-114.000517,26,23219.887268
-114.000517,26,23220.456677
-114.000517,26,23221.028228
-581.140934,439,23233.364597
-114.313338,27,23233.970743
-114.313338,27,23234.577746
-114.549312,28,23235.588612
-114.549645,28,23236.202661
-114.549645,28,23236.81812
-114.549645,28,23237.804099
-114.266401,27,23238.38994
-114.266401,27,23238.98184
-114.266401,27,23239.581525
-114.249479,27,23240.594356
-114.249062,27,23241.23888
-114.249062,27,23241.953048
-114.249062,27,23242.650054
-114.552978,28,23243.805676
-114.305371,27,23244.549838
-114.305371,27,23245.28014
-114.305371,27,23246.009427
-114.243075,27,23247.129596
-114.243075,27,23247.773872
-114.243075,27,23248.413305
-114.717171,29,23249.535752
-114.337573,27,23250.21461
-114.337573,27,23250.854284
-114.337573,27,23251.579518
-114.475139,28,23252.772287
-114.266928,27,23253.488829
-114.266928,27,23254.292556
-114.266928,27,23255.04618
-114.673389,29,23256.094779
-114.673389,29,23256.750528
-114.673389,29,23257.408698
-114.523595,28,23258.453155
-114.522624,28,23259.106972
-114.522624,28,23259.754989
-114.522624,28,23260.395025
-114.550564,28,23261.392555
-114.550564,28,23262.024858
-114.550564,28,23262.662049
-114.299462,27,23263.63005
-114.203963,27,23264.223074
-114.203963,27,23264.82353
-114.203963,27,23265.421914
-794.424417,746,23287.2257
-232.177861,189,23292.631737
-263.699046,166,23296.856363
-151.101427,88,23299.673694
-165.607171,77,23301.885692
-253.319524,144,23305.48431
-114.31711,27,23306.61046
-114.31711,27,23307.217697
-114.31711,27,23307.814774
-343.17807,233,23314.316636
-1281.150985,1110,23344.34865
-114.489123,28,23345.050752
-114.489123,28,23345.779814
-114.324508,27,23346.880688
-115.156612,30,23347.589646
-115.156612,30,23348.341168
-115.156612,30,23349.089719
-114.514841,28,23350.113453
-114.514841,28,23350.743003
-114.514841,28,23351.377337
-114.249692,27,23352.410001
-114.309611,27,23353.112985
-114.309611,27,23353.835245
-114.309611,27,23354.536278
-114.117466,26,23355.49158
-229.143095,128,23358.624335
-237.502624,131,23361.674906
-1446.52962,1367,23399.962706
-430.024465,442,23412.451007
-1182.468577,1372,23451.942245
-113.77378,22,23452.477086
-113.77378,22,23453.018502
-115.83233,27,23454.180619
-115.83233,27,23454.99347
-115.83233,27,23455.705273
-114.695979,25,23456.756489
-114.324251,24,23457.335449
-114.324251,24,23457.920722
-114.324251,24,23458.526969
-114.324251,24,23459.532619
-114.736061,25,23460.189703
-114.736061,25,23460.832438
-114.736061,25,23461.551502
-114.736061,25,23462.634078
-115.168996,26,23463.441666
-115.168996,26,23464.18344
-115.168996,26,23464.917307
-115.40076,27,23466.040108
-864.485771,916,23490.768202
-431.449475,408,23502.012965
-114.151987,26,23502.666013
-114.151987,26,23503.335293
-114.093985,26,23504.427029
-274.884028,202,23510.291847
-114.589725,26,23510.985631
-114.589725,26,23511.790347
-114.589725,26,23512.446724
-237.568149,194,23518.190099
-505.595448,453,23531.503796
-827.459736,979,23560.814043
-2086.334115,3571,23665.761192
-744.012312,656,23683.983247
-112.834025,21,23684.548455
-112.834025,21,23685.041128
-112.832782,21,23685.935047
-114.809527,28,23686.69063
-114.809527,28,23687.380605
-114.809527,28,23688.156508
-114.379816,27,23689.199249
-113.449775,22,23689.713299
-113.449775,22,23690.22913
-113.449775,22,23690.747441
-113.449775,22,23691.689672
-508.489779,384,23702.352185
-300.372331,242,23709.634439
-562.226535,526,23723.771957
-297.924471,215,23729.470787
-163.018064,74,23731.608645
-861.056934,794,23752.109082
-2956.109584,3484,23854.833216
-338.819501,243,23861.233647
-606.520201,529,23875.589285
-144.664923,67,23877.594794
-161.481137,134,23881.714638
-320.333152,236,23888.561296
-485.006468,372,23898.448717
-352.903915,302,23906.803879
-151.266915,70,23908.395169
-465.450858,526,23924.011728
-620.236841,600,23940.252944
-255.292567,183,23944.832846
-1367.639159,3571,24069.432425
-307.133962,233,24075.312717
-860.602112,875,24098.59229
-247.350279,195,24103.764227
-336.499853,270,24111.654903
-266.59813,176,24116.497258
-724.597151,897,24142.569495
-448.886076,347,24151.595028
-156.710338,73,24154.062964
-929.884275,954,24181.426656
-1335.319555,1772,24235.791639
-337.002601,260,24242.899776
-114.009298,26,24243.528494
-114.009298,26,24244.174831
-114.009298,26,24244.79394
-114.014772,26,24245.881658
-115.405775,27,24246.584224
-115.405775,27,24247.360524
-115.405775,27,24248.081433
-745.152451,657,24265.595517
-114.00929,26,24266.23209
-114.00929,26,24267.315252
-114.700483,28,24268.097753
-114.700483,28,24268.872374
-114.700483,28,24269.606976
-114.323361,27,24270.796741
-114.316696,27,24271.6289
-114.316696,27,24272.326626
-114.316696,27,24273.145919
-114.321801,27,24274.330405
-114.326296,27,24275.065912
-114.326296,27,24275.814332
-114.326296,27,24276.969062
-114.347788,27,24277.655973
-114.347788,27,24278.388248
-114.347788,27,24279.05079
-114.330925,27,24280.143372
-114.34303,27,24280.939054
-114.34303,27,24281.661732
-114.34303,27,24282.400155
-114.731837,28,24283.534932
-489.431299,425,24295.826566
-114.143101,26,24296.516879
-114.143101,26,24297.201575
-1357.44969,1953,24356.496636
-472.540119,375,24366.951328
-117.15212,34,24367.888453
-117.15212,34,24368.803762
-115.713818,27,24369.88009
-414.130255,313,24378.128184
-778.718178,1595,24432.840611
-308.538783,250,24439.88776
-648.375305,746,24463.75021
-125.194652,53,24465.101739
-124.282133,51,24466.765563
-124.924109,52,24468.094829
-1392.355505,1903,24531.074607
-1693.13128,3571,24653.861999
-1358.860907,1179,24684.870389
-112.844326,21,24685.461506
-112.844326,21,24686.070721
-112.844326,21,24686.643531
-112.9459,22,24687.644859
-113.041412,22,24688.214561
-113.041412,22,24688.855279
-113.041412,22,24689.540898
-113.041447,22,24690.610581
-112.828163,21,24691.165024
-112.828163,21,24691.743247
-112.828163,21,24692.346692
-112.828163,21,24692.912717
-112.829827,21,24693.848651
-113.859994,23,24694.442193
-113.859994,23,24694.9719
-113.859994,23,24695.509181
-113.859994,23,24696.424565
-112.753025,20,24696.906195
-112.753025,20,24697.379486
-112.753025,20,24697.861419
-112.753025,20,24698.351593
-112.753025,20,24699.249601
-112.71747,20,24699.718313
-112.71747,20,24700.20505
-112.71747,20,24700.675993
-112.71747,20,24701.136455
-112.71747,20,24701.993037
-112.693716,20,24702.507684
-112.693716,20,24703.018936
-112.693716,20,24703.603261
-112.693716,20,24704.212617
-112.693716,20,24705.21505
-112.96386,22,24705.818742
-112.96386,22,24706.393307
-112.96386,22,24706.968246
-112.96386,22,24707.612922
-112.965026,22,24708.582738
-112.782102,20,24709.075615
-112.782102,20,24709.577974
-112.782102,20,24710.101675
-112.782102,20,24710.635206
-112.794256,20,24711.535542
-983.98956,993,24739.576217
-112.806608,21,24740.210397
-112.806608,21,24740.833893
-112.806608,21,24741.481891
-112.806608,21,24742.125113
-112.80159,21,24743.061348
-112.801162,21,24743.557353
-112.801162,21,24744.063224
-112.801162,21,24744.56978
-112.801162,21,24745.186356
-112.804297,21,24746.169874
-112.807582,21,24746.790198
-112.807582,21,24747.442838
-112.807582,21,24748.080769
-112.807582,21,24748.715085
-112.815676,21,24749.634124
-112.815676,21,24750.13807
-112.815676,21,24750.638942
-112.815676,21,24751.152024
-112.815792,21,24752.042254
-112.806763,21,24752.543065
-112.806763,21,24753.082278
-112.806763,21,24753.608318
-112.806763,21,24754.130436
-112.80478,21,24755.048656
-112.935116,22,24755.637174
-112.935116,22,24756.223095
-112.935116,22,24756.805515
-112.935116,22,24757.396601
-112.939897,22,24758.469098
-112.939947,22,24759.074029
-112.939947,22,24759.719386
-112.939947,22,24760.363527
-113.224624,24,24761.485624
-160.196701,97,24764.581571
-112.935713,22,24765.282396
-112.935713,22,24765.912292
-112.935713,22,24766.59705
-112.935713,22,24767.268631
-749.169061,696,24786.552747
-113.985433,26,24787.621569
-112.787753,20,24788.113175
-112.787753,20,24788.622271
-112.787753,20,24789.100661
-112.787753,20,24789.562375
-936.057517,910,24815.032561
-112.922699,22,24815.633798
-112.922699,22,24816.305658
-112.922699,22,24816.996117
-112.922699,22,24817.721725
-275.838693,244,24825.68035
-112.678783,20,24826.18012
-112.678783,20,24826.680519
-112.678783,20,24827.182961
-112.818146,21,24828.086667
-112.818146,21,24828.690371
-112.818146,21,24829.251287
-112.818146,21,24829.837522
-112.817571,21,24830.745013
-112.825874,21,24831.269038
-112.825874,21,24831.790154
-112.825874,21,24832.331818
-112.825874,21,24832.860103
-112.825939,21,24833.749324
-170.318045,103,24836.659314
-112.798075,21,24837.208733
-112.798075,21,24837.792073
-112.798075,21,24838.389645
-112.798075,21,24839.009158
-521.090198,501,24853.314375
-112.79817,21,24854.249666
-112.798801,21,24854.855849
-112.798801,21,24855.423191
-112.798801,21,24856.0238
-112.798801,21,24856.564592
-224.459534,275,24866.434211
-561.490462,450,24878.614216
-581.152219,594,24895.928227
-112.706148,20,24896.457652
-112.706148,20,24897.010458
-112.706148,20,24897.547105
-112.706148,20,24898.089042
-113.180048,24,24899.159966
-113.180048,24,24899.902434
-113.180048,24,24900.640832
-113.180048,24,24901.395977
-1216.091421,1200,24933.724734
-112.758688,20,24934.565486
-112.758688,20,24935.021023
-112.758688,20,24935.475108
-112.758688,20,24935.931886
-112.758688,20,24936.389711
-112.93233,22,24937.323282
-112.948736,22,24937.861499
-112.948736,22,24938.397276
-112.948736,22,24938.948954
-112.948671,22,24939.927864
-112.788973,21,24940.487893
-112.788973,21,24941.13132
-112.788973,21,24941.736057
-112.788973,21,24942.350921
-112.789928,21,24943.29591
-112.7496,20,24943.760672
-112.7496,20,24944.229931
-112.7496,20,24944.706925
-112.7496,20,24945.260448
-112.742422,20,24946.248515
-112.67454,20,24946.790492
-112.67454,20,24947.3375
-112.67454,20,24947.837509
-112.67454,20,24948.41317
-112.68367,20,24949.337929
-114.093688,26,24949.990828
-114.093688,26,24950.721733
-114.093688,26,24951.441592
-112.767931,20,24952.422192
-112.70206,20,24953.033952
-112.70206,20,24953.618417
-112.70206,20,24954.177972
-112.70206,20,24954.776758
-112.757198,20,24955.71441
-114.788486,28,24956.498165
-114.788486,28,24957.322723
-114.788486,28,24958.056099
-112.688934,20,24958.9374
-112.678137,20,24959.441381
-112.678137,20,24959.96343
-112.678137,20,24960.445919
-112.678137,20,24960.922003
-112.789868,21,24961.856363
-112.799413,21,24962.422663
-112.799413,21,24962.968103
-112.799413,21,24963.494888
-112.799413,21,24964.04336
-112.699262,20,24964.916365
-112.699262,20,24965.419031
-112.699262,20,24965.879617
-112.699262,20,24966.335603
-112.699262,20,24966.793542
-170.464386,130,24971.059617
-112.940032,22,24971.609409
-112.940032,22,24972.259762
-112.940032,22,24972.858255
-112.78448,21,24973.819381
-112.783812,21,24974.408401
-112.783812,21,24975.037277
-112.783812,21,24975.671414
-112.783812,21,24976.22153
-112.782681,21,24977.137097
-112.782681,21,24977.666823
-112.782681,21,24978.244842
-112.782681,21,24978.820904
-112.782681,21,24979.82569
-113.988049,26,24980.448509
-113.988049,26,24981.090751
-113.988049,26,24981.733271
-113.977539,26,24982.748867
-113.999697,26,24983.430254
-113.999697,26,24984.067868
-113.999697,26,24984.769495
-114.000335,26,24985.832543
-114.002821,26,24986.553168
-114.002821,26,24987.211274
-114.002821,26,24987.837859
-113.99942,26,24988.868284
-113.999938,26,24989.529461
-113.999938,26,24990.175201
-113.999938,26,24990.797056
-563.42135,541,25006.794184
-231.489281,186,25012.137746
-1007.274661,1020,25040.441396
-560.454167,428,25051.986735
-176.306632,125,25055.395376
-417.511143,312,25065.098888
-301.183824,226,25071.606479
-472.199086,521,25087.1812
-253.284506,203,25093.208638
-1366.746105,1268,25126.947337
-514.128101,470,25139.212181
-695.78015,626,25157.870435
-1136.894662,1322,25197.775157
-1237.166036,1166,25231.211525
-204.112674,177,25236.442323
-1082.01309,1392,25278.781717
-295.53959,257,25286.015587
-185.799,121,25289.470041
-252.519254,212,25295.534393
-624.226457,675,25316.702579
-150.965685,82,25319.163016
-279.427558,208,25324.587655
-322.522542,275,25332.741626
-271.842787,214,25338.717097
-429.995345,388,25349.244925
-317.438002,372,25360.421282
-115.057911,29,25361.747634
-241.93993,172,25366.468263
-211.711211,161,25371.692805
-979.446529,783,25393.045649
-1613.758786,3571,25510.879257
-893.786161,1296,25553.363001
-2007.27118,3571,25675.723077
-1051.850808,1385,25722.503979
-1366.653289,1258,25755.664804
-456.015213,433,25768.378973
-2218.684761,3571,25892.12382
-345.279896,430,25906.541163
-590.695693,645,25925.834332
-2101.2686,3571,26039.839061
-500.860401,2827,26137.253082
-115.077327,27,26138.285745
-1594.562708,3571,26257.251106
-307.123049,176,26261.821444
-115.580157,28,26262.489601
-262.381235,735,26288.445448
-1149.787846,1075,26317.444417
-581.86682,740,26340.878919
-115.499698,27,26341.491511
-115.499698,27,26342.109191
-115.4376,27,26343.130728
-115.454928,27,26343.803817
-115.454928,27,26344.442462
-115.454928,27,26345.092272
-2615.738392,2641,26421.157728
-610.399272,489,26434.944409
-412.256414,1219,26479.947746
-906.847013,771,26504.754159
-2402.515922,3571,26616.417639
-115.169698,26,26617.41956
-2411.781404,3571,26727.278195
-583.849037,447,26739.097721
-199.191923,88,26741.672519
-114.691907,28,26742.395123
-114.691907,28,26743.132741
-114.658808,28,26744.310045
-115.578619,29,26745.099558
-115.578619,29,26745.925605
-115.578619,29,26746.790513
-766.807358,1317,26789.7926
-1340.137349,1242,26825.808758
-114.131381,26,26826.410863
-114.450659,27,26827.431042
-206.328918,93,26829.516766
-114.827276,28,26830.610707
-114.827276,28,26831.305056
-114.827276,28,26832.085826
-115.385744,30,26833.323149
-114.432524,27,26833.9932
-114.432524,27,26834.694865
-114.432524,27,26835.364541
-114.454183,27,26836.453273
-114.130901,26,26837.126529
-114.130901,26,26837.847099
-114.130901,26,26838.578336
-114.485784,27,26839.746702
-114.485784,27,26840.444055
-114.485784,27,26841.189903
-115.153118,29,26842.473306
-222.012831,105,26845.316153
-237.680294,144,26849.263214
-115.267846,29,26849.966969
-115.256342,29,26851.03587
-1655.114078,2147,26916.923009
-1205.624129,1049,26945.952863
-573.234099,390,26956.075045
-717.93907,595,26971.760673
-1293.13836,1224,27005.608788
-1340.32664,1316,27040.139277
-415.168214,242,27045.809845
-1088.55721,946,27071.318714
-2021.897111,1928,27124.823234
-307.507187,232,27130.953142
-330.545049,243,27137.476999
-1051.656671,897,27161.831043
-113.148449,21,27162.371541
-113.148449,21,27162.904752
-113.148449,21,27163.410021
-113.448694,22,27164.373115
-379.345034,242,27170.530182
-1120.901169,1145,27203.337127
-254.221639,163,27208.871655
-1425.52991,1245,27247.575994
-452.414076,404,27260.190706
-917.393346,822,27284.830507
-114.49001,24,27285.513818
-114.49001,24,27286.174016
-114.49001,24,27286.844067
-114.547061,23,27287.791384
-114.547061,23,27288.388937
-114.547061,23,27289.020926
-114.547061,23,27289.612266
-115.119247,24,27290.62609
-174.059612,112,27293.862413
-328.072699,353,27304.431272
-1172.126037,2805,27396.796062
-262.639051,162,27400.954985
-462.791452,383,27412.085938
-112.798128,20,27412.53269
-112.798128,20,27412.984878
-112.798128,20,27413.430309
-112.791558,20,27414.249267
-350.530227,238,27419.827889
-480.642683,377,27429.110092
-112.690051,20,27429.545296
-112.690051,20,27429.978981
-112.690051,20,27430.442439
-112.690053,20,27431.29837
-112.757689,20,27431.721437
-112.757689,20,27432.147982
-112.757689,20,27432.563646
-112.757689,20,27432.980718
-112.76507,20,27433.785878
-115.103288,29,27434.433318
-115.103288,29,27435.079917
-115.103288,29,27435.738306
-686.791849,574,27451.969551
-114.42258,27,27452.548959
-351.666703,235,27458.846673
-114.114218,26,27459.410022
-114.114218,26,27459.980413
-114.165337,26,27460.962289
-605.222339,909,27487.67046
-112.718681,20,27488.095516
-112.718681,20,27488.519791
-112.718681,20,27488.955701
-112.718681,20,27489.392251
-114.342782,27,27490.334595
-114.342784,27,27490.928545
-114.342784,27,27491.518044
-114.342786,27,27492.489156
-115.139574,29,27493.115787
-115.139574,29,27493.743788
-115.139574,29,27494.395275
-2286.86321,2291,27553.995461
-112.74521,20,27554.834391
-635.703279,487,27566.864278
-311.872454,171,27571.658369
-112.763777,20,27572.128116
-112.763777,20,27572.596518
-406.208152,273,27579.632178
-2105.970721,2219,27638.382428
-728.219029,691,27656.926983
-115.167284,28,27657.946587
-948.945094,896,27681.502485
-316.136328,292,27690.13627
-971.319683,952,27716.825138
-114.448865,27,27717.41
-114.448865,27,27718.377047
-198.356004,100,27721.194929
-413.464088,346,27730.527564
-178.791193,131,27734.622576
-618.15507,625,27752.359306
-198.27019,81,27754.288409
-499.601771,545,27770.950756
-202.735416,84,27773.222577
-614.15852,528,27788.411417
-183.854807,92,27791.254456
-895.637454,867,27815.25511
-221.079394,146,27819.447434
-944.456379,878,27842.054826
-1248.893957,1312,27877.670366
-115.812734,28,27878.301624
-115.812734,28,27878.924239
-894.554781,698,27897.117296
-233.522704,227,27904.060679
-312.342204,168,27907.847807
-431.407964,1108,27945.916427
-275.122684,236,27953.458957
-114.927865,28,27954.063871
-114.927865,28,27954.66867
-115.6941,27,27955.668994
-398.350465,1930,28025.295001
-370.145934,304,28033.522052
-560.220295,610,28051.066921
-115.232807,27,28051.650999
-115.281109,27,28052.609222
-115.274963,27,28053.218838
-115.274963,27,28053.801009
-115.274963,27,28054.395583
-1438.959658,1765,28105.131937
-115.39671,29,28105.854848
-114.412842,27,28106.859347
-286.172982,161,28110.709977
-115.589645,27,28111.688619
-114.439873,27,28112.369405
-114.439873,27,28113.075559
-114.439873,27,28113.683499
-114.781496,28,28114.803923
-395.247241,471,28129.228292
-961.978538,939,28154.712913
-661.334709,740,28175.500168
-260.401534,216,28181.845907
-903.012931,903,28207.299766
-576.457088,702,28227.96326
-367.334599,348,28237.849003
-139.769583,55,28239.34293
-717.034104,684,28258.103081
-1298.429113,1290,28292.808815
-673.638902,781,28316.08782
-701.712638,808,28339.951196
-115.857433,31,28340.617782
-115.515476,30,28341.708415
-114.550382,27,28342.33707
-114.550382,27,28342.967334
-114.550382,27,28343.596654
-115.116979,27,28344.555939
-115.117943,27,28345.146749
-115.117943,27,28345.73791
-115.117943,27,28346.392662
-115.034739,29,28347.459824
-115.034739,29,28348.193727
-115.034739,29,28348.882743
-181.113767,99,28351.552261
-1435.110454,1551,28394.540842
-217.080352,106,28397.152328
-115.444492,27,28397.738033
-115.444492,27,28398.33969
-202.753725,108,28401.440189
-115.236908,27,28402.017829
-115.236908,27,28402.5914
-115.236908,27,28403.162861
-115.406444,27,28404.216889
-114.709155,27,28404.831645
-114.709155,27,28405.453732
-114.709155,27,28406.052922
-114.670574,27,28407.045858
-114.66304,27,28407.643197
-114.66304,27,28408.239845
-114.663065,27,28409.212349
-114.447438,27,28409.824889
-114.447438,27,28410.425937
-114.447438,27,28411.014967
-118.538136,36,28412.207083
-114.57311,27,28412.851607
-114.57311,27,28413.500765
-114.57311,27,28414.133927
-114.730752,27,28415.141332
-114.730752,27,28415.754793
-114.730752,27,28416.369861
-114.730785,27,28417.407053
-115.139186,27,28417.96983
-115.139186,27,28418.534565
-115.139186,27,28419.128383
-115.115617,27,28420.189498
-115.102863,27,28420.835312
-115.102863,27,28421.419354
-115.102863,27,28421.993752
-115.111469,27,28422.996234
-115.111469,27,28423.618158
-115.111469,27,28424.242091
-115.102825,27,28425.238789
-115.148873,27,28425.830228
-115.148873,27,28426.428767
-115.148873,27,28427.05843
-115.110641,27,28428.049931
-115.110588,27,28428.683468
-115.110588,27,28429.269992
-115.110588,27,28429.860916
-115.194889,29,28430.922817
-828.92108,663,28448.414233
-115.080346,27,28449.400975
-114.763335,27,28450.01773
-114.763335,27,28450.635383
-114.763335,27,28451.245157
-115.110363,27,28452.226546
-115.113274,27,28452.86034
-115.113274,27,28453.475812
-115.113274,27,28454.509145
-115.18361,29,28455.20471
-115.18361,29,28455.901871
-115.18361,29,28456.594762
-115.136134,27,28457.592274
-676.960953,701,28477.210953
-115.108636,27,28477.844375
-115.108636,27,28478.489497
-115.108636,27,28479.128539
-114.748881,27,28480.191415
-114.748881,27,28480.822811
-114.748881,27,28481.439816
-114.748881,27,28482.421369
-115.510489,30,28483.109331
-115.510489,30,28483.800214
-115.510489,30,28484.635466
-114.751899,27,28485.654639
-115.01829,27,28486.259923
-115.01829,27,28486.866254
-115.01829,27,28487.848871
-115.178579,29,28488.522938
-115.178579,29,28489.187822
-115.178579,29,28489.859395
-115.216108,29,28490.92398
-115.105857,27,28491.52697
-115.105857,27,28492.143638
-115.105857,27,28493.167203
-115.439214,30,28493.851029
-115.439214,30,28494.522298
-115.439214,30,28495.200961
-415.09585,565,28513.448366
-727.679341,697,28532.698805
-115.671287,31,28533.40951
-138.377616,83,28535.923687
-423.255418,438,28548.635405
-115.823671,35,28549.461665
-115.823671,35,28550.30853
-115.370688,30,28551.353554
-115.077812,27,28551.953493
-115.077812,27,28552.547652
-115.077812,27,28553.14986
-299.489031,234,28559.739402
-540.54737,537,28574.411585
-213.266533,187,28579.592775
-115.078031,27,28580.186218
-115.078031,27,28580.791798
-115.495318,30,28581.838989
-115.495318,30,28582.510635
-115.495318,30,28583.198581
-414.881266,351,28593.241995
-233.733129,212,28599.280876
-950.738998,1116,28630.654691
-343.075326,340,28640.986046
-1359.36949,2067,28706.777199
-2077.33205,3571,28820.096899
-115.565954,29,28820.786323
-741.340079,979,28851.531288
-449.878534,565,28869.672767
-1967.443292,1914,28922.059522
-213.66407,145,28926.22117
-1131.722248,1760,28983.498764
-712.466021,1039,29016.159204
-240.404319,197,29021.625274
-188.071572,111,29024.922581
-563.186621,585,29041.901308
-1293.647558,1140,29070.672974
-513.063557,697,29092.283968
-115.745256,29,29092.966724
-115.745256,29,29093.723662
-115.745256,29,29094.468239
-996.293846,1368,29137.034311
-217.362084,165,29141.771093
-348.474775,327,29150.461178
-115.716547,29,29151.130623
-176.169224,137,29155.463465
-577.645874,544,29169.951172
-115.79379,30,29170.635423
-373.332658,431,29183.650816
-307.421507,292,29191.75404
-126.872912,55,29193.306489
-129.021754,56,29195.213407
-115.734134,28,29195.908968
-115.734134,28,29196.550344
-369.087412,305,29204.67369
-115.449948,28,29205.676521
-115.742909,30,29206.345979
-115.742909,30,29207.063184
-115.424054,28,29208.111834
-115.947374,30,29208.844229
-115.947374,30,29209.548555
-115.947374,30,29210.247304
-115.369343,28,29211.265191
-204.861447,149,29215.357838
-116.028932,31,29216.44277
-115.67465,29,29217.085778
-115.67465,29,29217.783242
-115.67465,29,29218.584381
-115.918473,30,29219.639297
-336.530641,274,29226.535141
-115.906458,29,29227.583544
-116.157803,31,29228.361613
-116.157803,31,29229.088384
-115.721367,28,29230.150836
-221.482475,196,29235.70685
-115.306917,27,29236.305038
-115.306917,27,29236.934456
-115.306917,27,29237.600669
-555.053098,612,29255.345707
-114.884737,27,29256.083875
-114.884737,27,29256.871924
-114.884737,27,29257.649622
-114.991637,28,29258.829271
-115.547381,28,29259.472461
-115.547381,28,29260.140843
-115.547381,28,29260.846402
-115.571906,28,29261.929544
-115.572066,28,29262.530669
-115.572066,28,29263.135468
-115.937306,30,29264.200915
-114.980284,27,29264.762746
-114.980284,27,29265.344336
-114.980284,27,29265.917575
-115.089559,27,29266.884582
-114.801452,27,29267.475677
-114.801452,27,29268.073146
-114.801452,27,29268.665455
-114.981382,27,29269.630229
-114.981382,27,29270.208148
-114.981382,27,29270.775294
-114.981417,27,29271.72196
-119.085551,37,29272.558655
-119.085551,37,29273.384919
-118.49018,36,29274.593837
-115.14016,27,29275.17122
-115.14016,27,29275.740014
-115.14016,27,29276.313755
-115.53028,28,29277.340944
-2199.727924,3571,29389.48817
-115.606882,27,29390.488638
-115.63119,28,29391.094803
-115.63119,28,29391.705816
-115.632027,28,29392.683249
-115.46757,28,29393.344221
-115.46757,28,29394.014719
-115.46757,28,29394.67155
-115.346932,27,29395.686311
-115.148546,27,29396.270355
-115.148546,27,29396.851695
-115.148546,27,29397.413008
-116.234394,33,29398.619728
-116.234394,33,29399.455066
-116.234394,33,29400.270472
-386.34983,522,29417.565479
-115.385667,27,29418.129215
-115.385667,27,29418.715565
-115.385667,27,29419.333016
-115.520762,29,29420.366461
-115.520762,29,29421.031938
-115.520762,29,29421.681555
-115.184218,27,29422.679759
-115.205147,29,29423.417642
-115.205147,29,29424.173618
-115.205147,29,29425.238568
-115.362738,28,29425.915446
-115.362738,28,29426.547445
-115.362738,28,29427.166415
-115.199007,27,29428.133777
-115.196739,27,29428.70107
-115.196739,27,29429.269675
-115.196739,27,29429.837006
-115.18766,27,29430.778289
-115.538671,28,29431.395746
-115.538671,28,29432.014426
-115.53862,28,29433.02652
-115.201229,27,29433.594485
-115.201229,27,29434.184687
-115.201229,27,29434.781242
-115.196326,27,29435.840945
-115.360752,28,29436.49842
-115.360752,28,29437.137587
-115.360752,28,29437.789212
-115.187257,29,29438.798965
-729.78301,739,29458.74103
-118.483073,36,29459.580117
-115.020345,28,29460.631147
-115.020345,28,29461.24174
-115.020345,28,29461.865988
-991.497228,959,29487.489789
-115.473272,30,29488.178488
-115.188783,29,29489.204051
-606.026651,456,29500.851149
-1503.624052,1408,29538.157822
-119.475664,37,29539.468645
-119.270303,36,29540.2845
-119.270303,36,29541.146373
-119.869657,37,29542.349205
-187.0664,89,29544.85364
-119.068756,36,29545.714591
-119.068756,36,29546.59707
-119.11872,36,29547.86446
-444.29837,293,29555.362317
-1137.616764,1091,29584.304689
-381.942594,239,29590.318229
-115.020446,28,29590.953308
-115.020446,28,29591.659171
-176.879127,95,29594.508671
-115.175011,29,29595.572811
-206.380082,101,29598.224373
-755.974663,809,29622.12079
-735.394886,629,29638.197463
-114.410269,27,29638.826458
-114.422479,27,29639.827572
-120.677095,36,29640.635311
-120.677095,36,29641.438392
-120.379841,36,29642.616358
-738.486482,636,29659.757553
-191.408708,98,29662.286023
-453.251437,384,29673.138012
-119.088559,35,29674.078431
-119.088559,35,29675.275657
-388.684481,364,29684.308393
-183.151859,105,29687.167233
-1765.3582,1851,29738.643019
-123.827602,39,29739.497696
-123.827602,39,29740.357254
-214.303225,131,29744.304412
-593.541865,440,29756.014613
-120.242542,36,29757.175927
-208.428953,126,29760.505238
-121.033946,38,29761.35561
-123.428992,41,29762.679381
-120.823147,37,29763.57278
-120.823147,37,29764.456178
-584.012059,616,29782.089231
-121.943647,38,29782.916034
-121.943647,38,29783.738187
-121.936097,38,29784.954254
-114.639769,29,29785.578134
-114.639769,29,29786.219477
-114.639769,29,29787.244207
-442.104346,371,29796.823547
-114.016285,27,29797.415713
-114.027487,27,29798.448082
-114.027487,27,29799.093044
-114.027487,27,29799.747392
-114.027487,27,29800.743439
-1346.2928,1152,29830.14904
-239.640173,212,29836.319669
-193.01707,96,29838.824952
-205.057803,179,29844.091747
-114.374502,28,29844.717204
-114.374502,28,29845.72444
-1155.175778,946,29869.463546
-115.41266,32,29870.228187
-116.129432,38,29871.577598
-389.228628,532,29888.046466
-159.109419,74,29890.142778
-502.665576,364,29898.834943
-114.399978,25,29899.83901
-113.687855,23,29900.409535
-113.687855,23,29901.019181
-113.687855,23,29901.625013
-113.940936,24,29902.6837
-114.047924,24,29903.367017
-114.047924,24,29903.925658
-114.047924,24,29904.497311
-114.047924,24,29905.437379
-114.040977,24,29906.079858
-114.040977,24,29906.691077
-114.040977,24,29907.303669
-114.040977,24,29907.914543
-576.335169,509,29921.705373
-231.192647,158,29926.155698
-228.258965,115,29929.357842
-166.392431,82,29931.733506
-1153.112328,1141,29962.584341
-115.045725,29,29963.282534
-115.045725,29,29963.954487
-115.045725,29,29964.597244
-113.427586,22,29965.506398
-1120.315554,1614,30015.484608
-805.147547,711,30034.3436
-1959.337124,1957,30086.210832
-637.978837,731,30106.345284
-113.464268,22,30106.826982
-113.464268,22,30107.300444
-113.464268,22,30107.80605
-793.056129,649,30124.873151
-1840.077065,1886,30176.873072
-425.667026,311,30184.590863
-549.544894,556,30199.333185
-521.373683,587,30216.447139
-304.255634,239,30223.068679
-651.468258,527,30237.081151
-1316.179636,1407,30276.158812
-114.505944,28,30276.944129
-114.737309,30,30278.09909
-114.343468,28,30278.756893
-114.343468,28,30279.41915
-114.343468,28,30280.065548
-114.499327,29,30281.123064
-114.006674,27,30281.825834
-114.006674,27,30282.456637
-114.007764,27,30283.52405
-280.727672,204,30288.629548
-701.020716,666,30307.203875
-579.128014,516,30321.891784
-173.443358,151,30326.656365
-278.018078,173,30331.130057
-353.808098,276,30337.985223
-112.96124,21,30338.867496
-112.961221,21,30339.35439
-112.961221,21,30339.900853
-112.961221,21,30340.44127
-112.961221,21,30340.996948
-113.047794,21,30341.866294
-113.047794,21,30342.329737
-113.047794,21,30342.792664
-113.047794,21,30343.312718
-113.047794,21,30344.204146
-112.735792,20,30344.635338
-112.735792,20,30345.056314
-112.735792,20,30345.467757
-112.735792,20,30345.889034
-112.735792,20,30346.688531
-113.064574,21,30347.213511
-113.064574,21,30347.725728
-113.064574,21,30348.205481
-113.064574,21,30348.732
-113.121997,21,30349.557318
-113.531231,22,30350.020136
-113.531231,22,30350.480704
-113.531231,22,30350.947214
-113.531231,22,30351.426116
-112.747719,20,30352.261744
-112.74776,20,30352.74735
-112.74776,20,30353.23525
-112.74776,20,30353.674605
-112.74776,20,30354.137928
-308.516438,372,30365.570178
-112.965698,21,30366.07726
-112.977954,21,30366.927452
-112.982964,21,30367.422725
-112.982964,21,30367.926947
-112.982964,21,30368.400486
-112.982964,21,30368.860215
-449.925836,481,30382.130729
-1239.425104,1349,30419.57506
-745.059944,712,30439.619804
-520.222913,480,30453.300441
-573.807034,608,30470.023296
-113.311775,24,30470.647498
-113.311775,24,30471.239214
-113.311775,24,30471.913394
-113.321859,24,30472.908523
-113.346497,24,30473.535129
-113.346497,24,30474.147663
-113.346497,24,30474.780514
-357.21966,243,30481.554365
-768.000776,1058,30513.533487
-153.924634,79,30515.832246
-248.217877,239,30523.585884
-185.468875,118,30527.090341
-1392.12565,1550,30570.789325
-1513.282563,1524,30613.792651
-254.824475,260,30621.009423
-2184.010646,2175,30679.218768
-113.597837,23,30679.740292
-113.597837,23,30680.265009
-114.998251,26,30681.264429
-258.881911,255,30688.405203
-281.458513,186,30693.568932
-573.575083,696,30713.440728
-170.322877,81,30715.916588
-1145.876086,1209,30750.67593
-346.099222,359,30760.985603
-112.937805,21,30761.898125
-112.937786,21,30762.445089
-112.937786,21,30762.942149
-112.937786,21,30763.458691
-112.937786,21,30764.016243
-112.718101,20,30764.847353
-112.718101,20,30765.279964
-112.718101,20,30765.709819
-112.718101,20,30766.133789
-112.718101,20,30766.552651
-113.157177,22,30767.459343
-113.157177,22,30767.96507
-113.157177,22,30768.474199
-113.157177,22,30768.988278
-253.507961,290,30777.977658
-112.73047,20,30778.392692
-112.695195,20,30779.20855
-112.695195,20,30779.650619
-112.695195,20,30780.134715
-112.695195,20,30780.595029
-112.695195,20,30781.044486
-112.705645,20,30781.906702
-112.705645,20,30782.364092
-112.705645,20,30782.878295
-112.705645,20,30783.342188
-112.705645,20,30783.812907
-112.722567,20,30784.653339
-112.722567,20,30785.10875
-112.722567,20,30785.549488
-112.722567,20,30786.025145
-112.722567,20,30786.468179
-113.183994,21,30787.314228
-113.183994,21,30787.800321
-113.183994,21,30788.301159
-113.183994,21,30788.773123
-113.184073,21,30789.647469
-112.741704,20,30790.11906
-112.741704,20,30790.590223
-112.741704,20,30791.098889
-112.741704,20,30791.550033
-112.741704,20,30792.410922
-112.739475,20,30792.850529
-112.739475,20,30793.297355
-112.739475,20,30793.738894
-112.739475,20,30794.177658
-112.739475,20,30794.993517
-114.216111,27,30795.676245
-114.216111,27,30796.338598
-114.216111,27,30796.958454
-442.126268,478,30811.617186
-113.995091,27,30812.33409
-113.82772,26,30813.371241
-113.836354,26,30814.028393
-113.836354,26,30814.658221
-113.836354,26,30815.269074
-113.807708,26,30816.258006
-113.835576,26,30816.887761
-113.835576,26,30817.500095
-113.835576,26,30818.165923
-113.442446,22,30819.067535
-113.442446,22,30819.582938
-113.442446,22,30820.119646
-113.442446,22,30820.674726
-113.62544,22,30821.552392
-798.385182,1129,30858.385613
-114.009319,27,30859.000625
-114.009319,27,30859.621199
-113.829449,26,30860.637198
-113.831966,26,30861.265615
-113.831966,26,30861.912045
-113.831966,26,30862.557702
-113.116756,21,30863.429067
-113.125668,21,30863.893419
-113.125668,21,30864.384716
-113.125668,21,30864.882954
-113.125668,21,30865.374694
-113.824872,26,30866.421885
-113.824872,26,30867.035163
-113.824872,26,30867.637832
-113.824868,26,30868.645843
-113.929313,23,30869.204504
-113.929313,23,30869.772053
-113.929313,23,30870.334567
-113.929313,23,30870.926595
-113.083579,21,30871.803681
-113.082324,21,30872.297224
-113.082324,21,30872.745299
-113.082324,21,30873.218956
-113.082324,21,30873.659834
-1146.04684,1121,30904.892158
-113.830205,26,30905.501365
-113.830205,26,30906.126099
-113.830205,26,30906.728367
-114.027847,27,30907.75088
-114.027847,27,30908.418826
-114.027847,27,30909.023511
-114.028034,27,30910.043108
-113.866867,26,30910.682651
-113.866867,26,30911.292095
-113.866867,26,30911.882096
-113.145852,21,30912.764975
-113.366409,22,30913.30768
-113.366409,22,30913.892723
-113.366409,22,30914.532016
-113.366409,22,30915.081378
-113.37284,22,30916.051871
-114.030908,27,30916.71703
-114.030908,27,30917.399872
-114.030908,27,30918.042198
-114.00931,27,30919.138083
-114.00931,27,30919.858867
-114.00931,27,30920.495846
-114.009713,27,30921.507387
-113.087518,21,30921.965203
-113.087518,21,30922.423821
-113.087518,21,30922.898268
-113.087518,21,30923.427855
-113.093964,21,30924.306257
-1049.424112,1035,30952.734818
-113.819935,26,30953.318919
-113.819935,26,30953.916561
-113.099838,21,30954.739572
-113.099838,21,30955.182885
-113.099838,21,30955.6229
-113.099838,21,30956.073996
-113.099838,21,30956.937511
-113.849035,26,30957.514088
-113.849035,26,30958.177686
-113.849035,26,30958.781507
-1089.7453,1147,30989.704273
-333.654631,475,31004.667477
-1531.03966,1630,31052.61636
-114.355975,29,31053.334903
-114.355975,29,31054.015062
-114.17119,27,31055.052985
-114.122868,27,31055.6602
-114.122868,27,31056.392216
-114.122868,27,31057.12261
-114.206952,27,31058.151934
-114.204755,27,31058.775291
-114.204755,27,31059.464034
-114.206604,27,31060.507601
-114.748381,28,31061.206686
-114.748381,28,31061.899834
-114.748381,28,31062.614647
-114.722008,30,31063.770562
-114.15875,27,31064.403013
-114.15875,27,31065.046078
-114.15875,27,31066.063062
-114.165532,27,31066.667987
-114.165532,27,31067.270282
-114.165532,27,31067.873661
-114.175727,27,31068.89191
-1677.56844,1570,31112.393529
-114.678461,30,31113.56902
-126.406048,59,31115.227721
-126.618199,60,31117.34265
-114.572842,29,31118.093829
-114.572842,29,31118.885064
-114.439905,27,31119.937047
-114.330157,27,31120.590725
-114.330157,27,31121.187366
-114.330157,27,31121.794457
-177.97091,170,31127.243911
-114.481251,28,31127.85423
-128.764244,60,31129.835826
-1356.916561,1674,31178.589049
-114.667951,29,31179.304246
-114.667951,29,31180.007331
-114.597927,29,31181.148378
-114.570175,28,31181.885012
-114.570175,28,31182.631507
-114.570175,28,31183.359831
-114.429663,28,31184.394108
-114.429663,28,31185.057127
-114.429663,28,31185.75572
-393.918575,536,31203.02497
-114.927068,29,31203.696657
-114.927068,29,31204.355717
-114.927068,29,31205.387091
-114.636578,27,31205.979158
-114.636578,27,31206.571062
-114.636578,27,31207.168352
-114.962189,29,31208.230149
-114.582361,27,31208.85041
-114.582361,27,31209.463193
-114.582361,27,31210.092481
-194.642741,180,31215.569648
-257.805707,321,31225.358311
-152.836005,110,31228.904945
-154.613419,101,31231.880711
-174.150091,142,31236.177663
-227.22895,248,31243.544594
-114.727476,29,31244.61112
-114.727476,29,31245.277514
-114.727476,29,31245.941361
-114.511942,28,31246.954319
-114.742862,29,31247.637139
-114.742862,29,31248.343493
-114.742862,29,31249.05032
-114.241047,27,31250.07733
-114.241047,27,31250.706613
-114.241047,27,31251.33896
-114.242736,27,31252.340202
-257.036653,285,31261.058832
-267.280647,295,31269.979383
-114.615969,27,31270.972881
-115.185471,28,31271.568957
-115.185471,28,31272.177907
-115.185471,28,31272.79513
-198.672893,183,31278.779034
-114.547555,28,31279.894762
-264.214624,242,31286.765264
-114.668453,27,31287.365293
-114.534568,27,31288.350732
-160.049984,113,31291.882177
-155.917984,113,31295.242803
-176.759739,136,31299.381355
-402.077479,450,31313.76473
-159.910216,110,31317.106313
-1940.877028,1801,31366.847712
-114.518713,27,31367.426917
-114.518713,27,31368.009738
-114.382954,27,31368.979471
-157.593274,112,31372.16874
-187.195679,156,31376.709495
-650.746134,760,31399.166698
-132.163595,61,31400.756596
-114.609754,27,31401.706876
-114.609754,27,31402.286521
-114.609754,27,31402.858471
-114.614431,27,31403.809185
-115.011846,29,31404.433436
-115.011846,29,31405.074475
-115.011846,29,31405.721617
-238.513438,311,31415.654181
-114.294277,29,31416.293294
-114.294277,29,31416.926526
-114.294277,29,31417.567708
-114.386764,27,31418.526149
-114.386764,27,31419.103058
-114.386764,27,31419.681285
-114.386764,27,31420.265337
-114.588181,28,31421.256607
-114.588181,28,31421.873476
-114.588181,28,31422.482724
-114.832901,27,31423.430625
-114.124573,27,31424.052849
-114.124573,27,31424.661808
-114.124573,27,31425.285044
-715.909123,727,31444.946316
-166.1888,137,31449.276934
-114.379553,27,31449.873403
-114.519403,28,31450.90235
-1124.071744,1182,31482.874672
-114.343624,29,31483.955656
-114.343624,29,31484.627778
-114.343624,29,31485.302326
-114.270795,28,31486.355447
-113.904293,27,31487.042233
-113.904293,27,31487.718117
-113.904293,27,31488.364637
-114.308052,28,31489.369388
-114.402261,29,31490.111384
-114.402261,29,31490.860752
-187.481225,158,31495.652601
-113.854503,26,31496.24978
-113.854503,26,31496.844577
-113.801846,26,31497.843444
-113.893655,27,31498.479056
-113.893655,27,31499.113769
-113.893655,27,31499.742925
-113.951014,27,31500.76175
-113.951014,27,31501.39915
-113.951014,27,31502.048587
-113.951014,27,31502.680141
-113.826912,26,31503.680777
-113.826912,26,31504.315872
-113.826912,26,31504.950078
-113.826347,26,31505.988701
-114.313279,27,31506.737967
-114.313279,27,31507.527421
-114.313279,27,31508.176078
-114.514816,28,31509.186082
-113.852184,26,31509.799327
-113.852184,26,31510.392002
-113.852184,26,31511.003666
-114.27197,27,31511.978246
-114.172527,27,31512.611574
-114.172527,27,31513.203155
-114.172527,27,31513.808109
-114.542881,30,31514.853167
-114.542881,30,31515.536668
-114.542881,30,31516.283249
-114.250293,28,31517.37378
-114.516158,30,31518.155998
-114.516158,30,31518.891604
-114.384895,29,31520.036088
-114.49713,30,31520.882534
-114.49713,30,31521.63236
-114.49713,30,31522.36536
-113.829559,26,31523.358698
-113.829559,26,31523.997194
-113.829559,26,31524.63756
-113.829559,26,31525.341777
-614.927543,643,31543.452943
-114.976642,27,31544.063571
-114.976642,27,31544.676735
-115.528426,30,31545.748389
-115.528426,30,31546.431053
-115.528426,30,31547.126168
-548.369473,394,31557.546188
-115.013321,33,31558.736568
-114.593736,28,31559.376033
-114.593736,28,31560.038577
-114.593736,28,31560.692344
-114.502474,30,31561.763935
-114.502474,30,31562.461652
-114.502474,30,31563.146509
-114.481357,29,31564.196301
-114.479699,29,31564.8562
-114.479699,29,31565.509719
-114.479699,29,31566.532325
-114.54899,28,31567.191725
-114.54899,28,31567.808868
-114.54899,28,31568.416987
-114.578119,28,31569.43502
-114.579863,27,31570.031917
-114.579863,27,31570.650307
-114.579863,27,31571.271441
-820.106915,856,31594.192147
-114.614774,27,31594.77902
-114.616415,27,31595.776791
-114.455775,27,31596.415462
-114.455775,27,31597.041709
-114.455775,27,31597.654653
-114.622124,27,31598.638691
-114.692234,27,31599.254582
-114.692234,27,31599.870602
-114.692234,27,31600.478134
-115.496068,29,31601.536673
-115.496068,29,31602.178532
-115.496068,29,31602.847589
-115.619856,30,31603.935219
-114.86676,28,31604.600188
-114.86676,28,31605.244276
-114.86676,28,31605.894646
-115.007181,28,31606.920497
-115.007181,28,31607.573438
-115.007181,28,31608.214624
-114.490898,27,31609.239475
-114.769939,27,31609.890198
-114.769939,27,31610.527642
-114.769939,27,31611.136179
-115.137891,28,31612.167331
-115.13448,28,31612.886466
-115.13448,28,31613.516949
-115.13448,28,31614.135727
-114.891755,27,31615.188771
-114.891755,27,31615.845411
-114.891755,27,31616.543618
-114.893737,27,31617.50454
-114.719515,27,31618.082409
-114.719515,27,31618.669141
-114.719515,27,31619.263103
-115.090515,28,31620.279788
-115.066293,28,31620.93539
-115.066293,28,31621.617408
-115.066293,28,31622.719934
-114.983807,27,31623.310575
-114.983807,27,31623.896265
-114.983807,27,31624.503657
-114.984231,27,31625.51523
-158.410049,114,31629.064884
-115.180831,29,31629.749937
-115.180831,29,31630.446818
-114.958596,28,31631.463365
-248.636792,265,31639.222997
-114.641539,27,31640.171832
-189.086597,185,31645.292257
-114.650233,28,31646.318423
-114.990201,28,31646.933699
-114.990201,28,31647.547287
-114.990201,28,31648.157268
-114.091647,27,31649.156663
-114.091647,27,31649.783232
-114.091647,27,31650.403335
-114.443799,28,31651.459762
-114.57599,27,31652.070273
-114.57599,27,31652.778506
-114.57599,27,31653.480294
-114.276171,28,31654.551629
-114.597609,27,31655.123584
-114.597609,27,31655.699942
-114.597609,27,31656.288645
-114.731307,27,31657.256509
-114.731307,27,31657.837532
-114.731307,27,31658.410509
-114.731309,27,31659.397184
-114.079288,27,31660.053939
-114.079288,27,31660.703182
-114.079288,27,31661.37206
-2155.922222,2301,31722.753885
-113.846342,26,31723.810686
-783.189102,877,31747.235159
-114.116756,27,31748.277642
-114.116756,27,31748.948098
-114.116756,27,31749.608772
-114.116756,27,31750.270224
-113.843171,26,31751.278078
-113.843171,26,31751.86877
-113.843171,26,31752.462695
-113.843161,26,31753.434604
-129.805776,61,31754.987538
-125.222678,54,31756.701781
-244.402629,170,31760.985448
-113.845154,26,31761.951026
-113.845194,26,31762.541377
-113.845194,26,31763.133237
-113.845194,26,31763.727995
-113.834199,26,31764.699117
-114.091017,27,31765.326617
-114.091017,27,31765.955426
-114.091017,27,31766.580344
-114.124749,27,31767.604792
-114.124749,27,31768.223542
-114.124749,27,31768.838301
-114.459157,28,31769.856734
-364.237118,435,31782.067312
-114.501974,28,31782.742155
-114.501974,28,31783.430862
-113.797168,26,31784.458034
-113.797168,26,31785.076818
-113.797168,26,31785.721997
-113.797129,26,31786.728933
-114.087241,27,31787.340043
-114.087241,27,31787.967624
-114.087241,27,31788.58778
-113.825907,26,31789.571526
-113.795727,26,31790.176435
-113.795727,26,31790.793206
-113.795727,26,31791.386671
-234.098385,192,31796.868656
-114.47534,28,31797.946148
-113.833109,26,31798.538341
-113.833109,26,31799.130865
-113.833109,26,31799.717849
-334.30959,359,31809.431565
-114.082689,27,31810.121809
-114.082689,27,31810.830427
-113.828259,26,31811.816496
-113.828259,26,31812.404467
-113.828259,26,31812.988716
-113.828366,26,31813.977866
-113.796467,26,31814.58501
-113.796467,26,31815.185973
-113.796467,26,31815.793876
-113.796473,26,31816.787359
-113.844933,26,31817.397641
-113.844933,26,31818.005699
-113.844933,26,31818.611845
-114.090293,27,31819.632973
-638.851504,749,31840.210949
-113.795644,26,31840.881193
