#{"t_start": 1595648083.1826262, "env_id": null}
r,l,t
-3074.365229,2189,48.121124
-116.052436,32,49.127691
-115.860772,30,49.79818
-115.860772,30,50.571969
-115.864211,30,51.557437
-115.873236,30,52.237493
-115.873236,30,52.977388
-115.944173,31,53.981617
-115.925277,30,54.631384
-115.925277,30,55.36659
-115.925277,30,56.056582
-334.544091,191,60.222554
-654.313336,632,76.584192
-203.01818,66,77.830546
-202.981353,66,79.319709
-202.979903,66,80.847788
-202.956836,66,82.037724
-202.939656,66,83.548411
-202.936566,66,84.995063
-202.921318,66,86.158132
-202.913832,66,87.698708
-202.911925,66,89.190137
-202.909768,66,90.437633
-202.912696,66,91.964931
-202.911195,66,93.457749
-202.921223,66,94.727224
-203.01386,66,96.257369
-202.996297,66,97.725382
-609.205241,504,110.17928
-794.464102,721,126.946901
-354.96592,169,130.316264
-353.365685,168,133.998734
-351.166437,168,137.615553
-351.134764,167,141.168252
-360.094606,175,144.630699
-431.298603,301,150.846507
-211.146781,70,152.468395
-211.170857,70,153.99698
-211.314574,70,155.313214
-211.383396,69,156.887944
-211.81953,71,158.58695
-212.689194,71,159.916217
-211.934789,69,161.466048
-211.471385,69,162.985755
-211.208637,70,164.54023
-211.525109,77,166.07146
-189.541856,68,167.631393
-204.5255,67,169.141287
-204.105874,67,170.42997
-204.058164,67,171.997256
-204.106482,67,173.492735
-204.562919,68,174.704149
-204.380627,67,176.217341
-204.06234,66,177.748794
-204.072222,66,179.02439
-204.692981,66,180.565044
-204.362351,65,182.031106
-204.855286,66,183.297069
-204.758237,66,184.766721
-205.900277,66,186.25849
-209.438514,66,187.510468
-894.563758,848,210.706507
-309.616863,237,216.862356
-805.87765,657,231.809549
-203.911472,66,233.086244
-204.040157,66,234.532185
-203.919746,66,236.044364
-203.844957,66,237.262738
-203.854046,66,238.782249
-203.670257,66,240.262187
-203.65782,66,241.500774
-203.700708,66,242.999331
-203.718761,66,244.404298
-204.10556,67,245.824124
-203.920812,66,247.350719
-203.91942,66,249.002792
-203.888668,66,250.214916
-204.376066,66,251.740391
-204.513351,66,253.310487
-205.820994,68,254.614418
-205.144866,67,256.231991
-205.154515,67,257.770944
-205.02455,66,259.022205
-238.58865,85,261.144703
-212.104114,71,262.793639
-210.549817,70,264.415537
-209.550034,70,265.750812
-209.363256,70,267.379462
-209.191195,70,269.026044
-208.993282,70,270.490617
-209.139339,70,272.091759
-208.983981,70,273.727482
-208.940216,70,275.081698
-209.102785,70,276.67049
-208.927947,70,278.339533
-209.161772,70,279.98212
-209.139605,70,281.350167
-209.293457,70,282.985116
-209.584648,70,284.649751
-209.443545,70,286.025758
-211.808519,70,287.616155
-210.773293,70,289.173079
-210.350272,70,290.605674
-209.470739,70,292.204842
-209.03151,70,293.852031
-209.838838,70,295.49315
-209.86963,70,296.880529
-209.957925,73,298.604507
-209.705149,72,300.314526
-210.036791,72,301.826011
-209.706517,72,303.55041
-663.88733,707,324.344379
-226.43957,176,329.36077
-581.774209,410,339.726085
-299.525795,261,346.891242
-697.170308,566,360.483211
-624.396583,527,374.006336
-1333.964264,1271,406.736962
-1342.915985,1317,440.266307
-2137.907888,3571,527.491115
-488.548644,345,534.84425
-723.79578,541,546.537607
-737.765021,593,560.874943
-2127.24832,1941,609.24565
-3010.449174,2753,681.807681
-226.581658,137,685.172024
-483.019257,379,694.172956
-709.430633,605,709.322326
-227.464015,141,712.855561
-413.98333,279,719.165146
-633.782966,531,732.387797
-971.350729,837,753.625093
-230.093002,143,756.999114
-2290.614483,2455,826.830114
-1150.406122,1030,853.41843
-1501.6446,1383,889.71723
-616.025871,497,902.356558
-1210.756238,1041,929.963867
-466.233667,325,937.835267
-1103.088424,1528,982.994582
-402.208797,313,990.868965
-421.816486,288,998.259409
-794.051382,651,1015.889337
-701.251514,538,1029.042766
-887.133723,881,1051.575531
-404.248328,328,1059.685126
-642.439809,610,1075.675908
-793.384907,656,1091.998516
-1358.21478,2007,1155.881023
-2793.328938,3571,1261.654465
-2366.78824,2731,1340.502269
-2765.522734,2478,1399.762456
-2639.282775,2699,1469.140771
-474.123817,353,1476.897534
-598.285325,616,1494.20965
-1546.645936,1277,1524.752217
-1817.058088,1637,1564.146468
-613.787388,439,1574.48162
-461.476852,289,1581.021576
-335.263604,237,1586.943725
-520.761443,390,1595.959756
-1278.998182,1131,1623.558545
-597.866956,453,1634.66482
-2663.473265,2331,1689.656518
-2393.384253,2334,1747.247551
-1831.766576,3083,1847.404073
-522.332302,446,1858.295992
-724.06855,652,1875.137909
-619.9799,457,1886.237444
-642.934127,492,1897.908855
-1400.04748,1419,1934.240363
-638.109115,620,1950.050838
-797.573122,736,1969.141474
-245.769436,132,1972.357446
-262.157593,134,1975.549972
-1732.67839,1349,2007.476779
-262.515738,139,2010.825029
-2488.76341,2301,2067.714722
-254.020883,133,2070.891041
-261.527303,135,2074.270944
-269.754991,137,2077.498088
-283.392032,183,2081.529895
-269.617657,143,2084.893043
-380.461503,240,2090.725284
-1348.539285,1225,2121.436232
-801.547814,3571,2253.815783
-254.267244,134,2257.036995
-253.941349,133,2260.156111
-715.965214,565,2273.36138
-778.386489,525,2286.0402
-249.150265,133,2289.756425
-742.710676,579,2303.502636
-255.844114,131,2306.968021
-368.777856,238,2312.691211
237.898808,3571,2443.772945
-3628.000134,3571,2533.889935
-575.340067,438,2545.273436
-1355.765189,1249,2576.014137
-655.702343,484,2587.519054
-1267.288849,2829,2686.431206
-893.508656,685,2701.94559
-218.662365,135,2705.650228
-1273.419589,1108,2732.379871
-2019.06341,1959,2784.247722
-378.371713,328,2793.007649
-764.751589,617,2808.033106
-150.691207,59,2809.485154
-1039.451297,1120,2840.962229
-1549.740517,1285,2873.148051
-328.339738,216,2879.28639
-961.215155,733,2896.715198
-415.583926,246,2902.429672
-1308.924081,3571,3028.733025
-959.064412,3571,3173.031663
-389.063167,300,3180.464175
-1029.06409,927,3202.364035
-418.129051,307,3210.069632
-537.612505,423,3221.063735
-918.689169,1610,3274.755879
-607.503362,509,3288.940361
-270.970325,169,3292.988335
-273.570022,199,3298.283735
-1118.359446,980,3324.067662
-921.746894,988,3351.597829
-526.849033,744,3374.558562
-833.509792,862,3399.715571
-210.731388,130,3403.130341
-236.096179,144,3407.007757
-199.206165,119,3410.096596
-1488.665414,1799,3464.681603
-1589.078547,3571,3597.195139
-426.280609,331,3605.810358
-268.215271,145,3609.261059
-490.373792,313,3617.230621
-1175.675859,2416,3708.03066
-1701.80923,1419,3744.628618
-933.821858,844,3766.937853
-221.423416,117,3770.216781
-227.29665,134,3773.606046
-2164.821202,3571,3887.527372
-625.134688,519,3901.409907
-324.310132,169,3905.308097
-2799.738706,2561,3973.868812
-3727.410074,3571,4066.947286
-321.15159,225,4072.752636
-512.218725,384,4082.877654
-638.968389,646,4099.820558
-691.459693,647,4119.099938
-1611.172892,1613,4162.91347
-3173.029371,3571,4263.721329
-2475.432723,2294,4325.942783
-804.967241,684,4344.991693
-3126.258315,2949,4427.707525
-2124.519176,3571,4554.377335
-2438.821515,2942,4637.717904
-482.246844,647,4659.195606
-115.724701,23,4660.092858
-115.724701,23,4660.684686
-115.724701,23,4661.229146
-115.724701,23,4661.775282
-2260.344407,2360,4727.616512
-706.73743,963,4760.233317
-355.799507,3571,4893.072259
-1287.803674,1449,4937.317908
-116.199349,24,4937.927886
-116.199349,24,4938.536735
-115.123893,22,4939.381577
-117.047472,25,4939.989838
-117.047472,25,4940.593388
-117.047472,25,4941.192138
-115.760919,23,4941.997038
-115.758068,23,4942.553141
-115.758068,23,4943.183507
-115.758068,23,4943.756087
-115.758068,23,4944.341203
-115.752651,23,4945.183425
-115.749506,23,4945.731646
-115.749506,23,4946.281189
-115.749506,23,4946.84756
-115.737786,23,4947.696065
-115.758349,23,4948.243595
-115.758349,23,4948.796461
-115.758349,23,4949.350752
-115.758638,23,4950.190674
-116.322223,24,4950.792748
-116.322223,24,4951.412602
-116.322223,24,4952.089427
-116.322223,24,4952.716955
-115.766405,23,4953.515468
-115.766405,23,4954.052823
-115.766405,23,4954.597601
-115.766405,23,4955.143695
-115.753426,23,4955.941761
-115.771741,23,4956.505619
-115.771741,23,4957.065254
-115.771741,23,4957.599493
-116.362702,24,4958.443876
-115.611476,23,4959.010945
-115.611476,23,4959.597855
-115.611476,23,4960.185517
-115.611476,23,4960.756202
-1953.526202,1583,5003.404937
-1226.642191,3571,5135.367185
-116.371119,32,5136.36644
-915.358876,853,5162.245131
-679.745331,479,5175.875634
-760.645465,576,5192.382751
-249.148946,245,5200.599674
-2172.418174,2402,5273.519931
-1759.988933,2160,5341.626785
-114.072604,23,5342.505915
-1092.793718,3571,5474.487064
-2691.003868,3571,5585.58694
-151.609921,83,5588.352479
-118.773197,38,5589.525872
-118.549603,37,5590.966588
-902.123477,858,5617.105529
-2239.42966,2777,5705.137504
-272.091777,294,5714.951813
-880.803763,952,5744.914557
-452.187829,447,5759.120804
-591.28849,1432,5812.486562
-943.166765,1232,5853.330184
-311.737902,272,5861.364549
-914.975101,1281,5904.266572
-1224.685752,3571,6036.961323
-198.388721,170,6042.905087
-533.687653,525,6059.030291
-223.361188,162,6063.699846
-719.66734,762,6089.338565
-168.863518,108,6092.769008
-810.880517,1139,6130.250115
-829.966656,1024,6163.341549
-373.01024,337,6173.61004
-141.929527,72,6176.126471
-161.480921,100,6179.524858
-121.242236,33,6180.452827
-121.597881,35,6181.697265
-546.491557,404,6193.179618
-369.34261,554,6212.034482
-291.054402,394,6225.530871
-174.669381,144,6230.870612
-703.989747,645,6250.58964
-194.291841,185,6256.751101
-564.48239,737,6281.643569
-1289.382679,2121,6356.9007
-2020.356816,3571,6497.9773
-184.045413,154,6503.455971
-177.087048,152,6508.687781
-1972.894816,3571,6658.710013
-272.405196,269,6667.369485
-1619.758267,3571,6811.492898
-240.293743,125,6815.482543
-119.291623,37,6816.597143
-119.291623,37,6817.668916
-118.984429,35,6818.981848
-120.807378,35,6820.01049
-120.807378,35,6821.055217
-626.232591,1146,6861.781732
-361.256618,359,6873.518561
-458.96675,602,6894.557088
-493.321263,612,6914.671407
-1032.994154,1993,6986.468112
-1897.045607,3571,7110.28997
-1725.32263,3571,7241.502214
-693.004993,739,7265.562018
-1309.028106,3571,7401.684987
-224.792663,271,7412.212539
-127.856081,33,7413.202067
-127.856081,33,7414.171209
-127.35412,32,7415.30633
-1029.59621,1856,7481.562005
-127.54318,32,7482.736342
-128.281016,33,7483.686345
-128.281016,33,7484.645097
-128.281016,33,7485.850241
-1032.934726,3571,7618.317358
-1159.273288,1517,7667.094749
-129.719007,38,7668.490483
-215.6541,171,7673.766037
-127.146694,32,7674.922209
-127.939845,34,7675.890312
-127.939845,34,7676.837104
-785.847887,3571,7816.27351
-461.494939,501,7832.858516
-1870.867644,2776,7929.266958
-719.412221,3571,8069.564463
-603.403162,703,8092.363884
-126.21546,33,8093.356415
-126.21546,33,8094.359736
-406.032357,436,8108.657139
-533.388739,3571,8242.221209
-369.124256,1290,8290.90994
-128.723103,44,8292.547847
-689.699642,3571,8430.274323
-755.44103,3571,8579.370627
-726.856408,928,8608.686919
-125.531392,38,8610.084922
-125.531392,38,8611.238421
-125.523852,38,8612.651161
-1015.598804,3571,8763.548339
-1217.018056,3571,8911.061785
-185.176437,156,8916.446012
-511.129913,1053,8955.470882
-509.029267,515,8971.111119
-975.33143,1177,9008.150411
-523.577381,3571,9138.313982
-713.221628,847,9167.925414
-1003.871694,1459,9221.037146
-1173.746482,3571,9374.942879
-445.049288,404,9386.953819
-1085.888195,1518,9435.670293
-1495.566988,3571,9566.227105
-214.710318,195,9573.180119
-742.547947,1533,9625.622715
-732.738047,2327,9721.190933
-252.049515,305,9731.422867
-506.667515,1159,9775.868737
-347.183188,822,9806.027459
-221.117414,275,9816.492492
-189.907025,173,9822.111538
-458.306742,741,9847.991575
-300.714865,505,9865.821654
-258.340975,699,9892.299986
-411.045678,628,9913.900637
-230.102648,268,9922.569831
-319.900287,413,9936.846045
-155.267317,131,9941.4269
-181.741155,177,9947.678818
-239.034482,266,9956.391995
-195.79257,328,9969.125499
-253.436423,331,9980.934584
-192.510931,177,9986.849863
-449.901481,1163,10034.02661
-729.730185,3571,10187.026243
-895.506628,3571,10338.893261
-1118.749778,3571,10484.145353
-208.710078,207,10491.080956
-217.846603,282,10501.468452
-810.083648,3571,10649.593371
-768.238901,3571,10797.904902
-789.877898,3571,10951.281659
-125.668852,88,10954.33245
-468.755608,453,10967.275955
-942.408185,3571,11117.358074
-135.310415,63,11119.441922
-743.96956,787,11142.760301
-801.087092,3571,11286.630906
-812.610758,3571,11432.125913
-690.672414,1055,11467.634385
-756.4773,3571,11612.388538
-433.10997,568,11631.471681
-696.254503,3571,11782.259351
-1261.058591,3571,11922.917529
-308.82984,306,11933.768316
-658.420502,3571,12055.255001
-1172.725638,1517,12100.626566
-386.438294,3571,12214.460476
-259.845483,1996,12276.041579
-759.744823,945,12304.869776
-207.998204,307,12317.096749
-328.240946,205,12322.601156
-1482.108515,3571,12453.510578
-144.307087,228,12460.403513
-562.832409,3571,12608.709091
-1880.827552,3571,12729.957395
-489.228519,3571,12874.701717
-915.252612,1773,12941.681739
-598.91871,3571,13085.92941
-543.521462,2083,13170.317774
-355.457017,767,13198.908002
-527.762863,975,13235.142907
-127.513919,45,13236.905496
-1477.979414,1529,13284.228555
-211.707302,246,13292.836446
-653.36426,3069,13414.68977
-1278.01021,2683,13516.571746
-778.708783,827,13540.673926
-1104.569771,1103,13573.115137
-598.967589,1063,13611.774017
-116.078516,27,13612.425613
-116.078516,27,13613.086707
-115.728576,26,13614.013423
-1287.278054,3502,13747.510445
-1771.965378,3571,13871.123543
-153.949834,390,13882.949746
-580.927814,1863,13949.23422
-2012.496119,3571,14069.13886
-1227.77154,2229,14149.138103
-793.379794,1566,14204.547874
-604.187867,716,14226.825548
-758.725909,1427,14275.311969
-649.063134,2329,14369.474633
-1101.697297,2952,14482.585563
-363.074427,350,14492.882496
-977.614003,1245,14531.747101
-225.234179,274,14541.214002
-332.928513,230,14548.099435
-417.254264,318,14557.509679
-242.519395,293,14567.465277
-235.779673,169,14572.151155
-466.784069,469,14584.830045
-1251.786799,1393,14626.002057
-1006.811979,1216,14662.852745
-642.063332,1268,14708.152206
-773.88365,3571,14851.987134
-256.416417,197,14858.26006
-683.05698,1991,14937.799201
-229.248802,129,14941.490366
-596.054203,547,14957.648822
-722.58914,1701,15021.664457
-581.511928,3571,15170.586724
-645.948455,988,15204.310902
-627.292615,720,15225.412627
-237.919178,287,15234.863881
-1067.497741,1458,15280.579034
-1092.945785,1021,15307.763481
-330.981535,323,15317.228095
-208.713313,144,15321.603784
-507.063464,1194,15366.04535
-1606.27706,2051,15430.102842
-916.787962,1242,15469.246074
-386.309469,2295,15548.938072
-508.571498,412,15560.162323
-550.831273,561,15576.970001
-275.605364,627,15601.271295
-368.145136,334,15611.58724
-1084.795673,2930,15712.319321
-373.981092,280,15720.554739
-1073.768412,1570,15773.612132
-542.784003,611,15792.142718
-776.724809,1625,15849.30636
-1351.24151,1632,15898.881429
-152.047081,69,15900.944224
-1090.828355,2128,15977.82424
-472.873311,936,16012.280607
-225.614775,224,16019.805264
-233.974559,405,16033.877556
-179.645527,407,16048.01861
-208.041632,806,16076.153455
-382.557017,608,16097.161533
-244.304512,1425,16149.74038
-642.717278,550,16165.835488
-1290.337457,3163,16285.26281
-351.926013,3124,16388.528219
-648.917809,3571,16505.717496
-1562.224521,3571,16637.054207
-678.580772,3571,16783.338421
-147.859294,82,16785.819695
-964.365107,3571,16928.311435
-126.335347,37,16929.544565
-152.886388,95,16932.52386
-1129.973354,3571,17073.32198
-131.712876,48,17074.965373
-132.858069,49,17076.41326
-1246.880436,3571,17214.933394
-258.460707,195,17220.822728
-1189.251636,3571,17358.986137
-113.388594,65,17361.096721
-860.882525,1279,17402.413207
-116.099545,27,17403.167232
-337.516988,368,17414.616992
-425.197992,346,17423.845768
-639.1802,3531,17565.815923
-300.072362,970,17596.21028
-287.503316,611,17617.855762
-281.676515,246,17624.893778
-358.958201,530,17642.21558
-760.402919,894,17668.879972
-189.434611,474,17683.30065
-290.808188,1520,17743.996822
-184.625766,645,17762.912166
-256.487271,1040,17797.684437
-196.029808,933,17825.210266
-289.362254,2008,17899.854122
-568.49639,3571,18030.981912
-1018.405891,3498,18164.993157
-2387.578844,2208,18225.117163
-408.193977,267,18231.63495
-213.032523,131,18235.136928
-1759.882235,1866,18292.153126
-772.584396,3571,18433.839245
-209.972573,164,18438.774526
-481.053454,551,18456.02315
-115.699541,29,18456.876696
-115.699541,29,18457.754113
-115.758893,29,18458.879844
-116.795804,29,18459.731702
-116.795804,29,18460.645955
-116.795804,29,18461.495793
-117.643226,29,18462.601713
-117.643226,29,18463.408927
-117.643226,29,18464.154418
-117.629286,29,18465.178929
-406.543981,570,18485.159953
-330.766368,346,18496.067203
-117.640601,29,18496.892894
-117.640601,29,18497.708936
-643.998615,3571,18637.983274
-116.170137,31,18638.858034
-115.98533,37,18641.596328
-1334.878809,1746,18693.958226
-135.981328,137,18698.66132
-444.983511,1014,18735.822406
-115.000003,30,18736.645341
-115.000003,30,18737.501441
-338.844051,454,18752.093134
-116.14428,29,18752.973111
-116.14428,29,18753.751997
-115.336855,30,18754.86968
-115.336855,30,18755.710514
-115.336855,30,18756.583323
-115.608426,28,18757.716943
-115.609034,28,18758.482072
-115.609034,28,18759.249086
-115.609034,28,18760.022178
-307.502568,460,18777.171553
-115.588626,30,18778.054077
-115.72547,31,18779.262589
-115.725905,31,18780.133888
-115.725905,31,18780.964887
-115.615991,30,18782.027257
-115.488392,30,18782.913435
-115.488392,30,18783.815523
-115.618296,32,18784.963972
-358.456975,3571,18920.455295
-630.512946,3571,19063.926321
-709.601139,1091,19098.398804
-395.989256,3571,19212.453984
-128.193328,47,19213.754278
-128.192695,47,19215.455201
-128.71997,47,19216.765547
-128.71997,47,19218.054471
-194.409989,330,19230.675516
-128.932678,47,19231.986356
-128.933926,47,19233.641377
-175.163385,483,19248.281863
-573.569394,563,19265.156847
-215.413922,1742,19314.018267
-187.159635,892,19340.107948
-145.644752,77,19342.658393
-129.454953,47,19344.250245
-288.975767,1316,19388.492994
-125.016791,40,19389.541981
-124.3486,39,19390.793898
-123.762813,38,19391.739398
-123.762813,38,19392.72374
-124.125137,39,19393.992109
-123.535216,38,19394.992341
-124.126625,39,19396.33239
-124.609095,39,19397.31316
-124.609095,39,19398.279019
-123.517501,38,19399.491465
-123.521294,38,19400.439157
-122.813687,37,19401.596923
-533.443973,554,19417.823394
-653.853487,802,19441.486118
-125.298724,40,19442.593709
-123.197369,37,19443.920431
-123.197369,37,19444.914812
-124.625654,39,19446.171509
-124.607995,39,19447.258806
-124.607995,39,19448.338112
-453.861542,375,19459.746769
-375.090139,370,19470.640203
-123.822497,38,19471.625098
-124.503033,39,19472.874717
-124.322906,39,19473.82204
-124.322906,39,19474.803644
-1017.132324,1271,19514.887111
-128.788388,47,19516.413645
-257.605299,2202,19577.779
-407.515717,278,19585.435909
-360.126844,268,19592.910049
-170.249787,119,19596.404011
-134.452705,56,19598.268827
-129.290796,47,19599.499456
-513.633334,540,19615.987472
-483.181427,706,19639.772441
-128.965294,47,19641.108513
-130.267313,51,19642.721366
-336.198726,752,19664.20348
-1444.771441,1367,19704.929703
-132.021145,53,19706.351686
-495.559193,456,19719.603809
-3138.042197,3571,19824.656887
-124.804072,36,19825.525748
-124.804072,36,19826.420503
-123.122474,35,19827.604166
-122.405764,35,19828.558843
-122.405764,35,19829.510066
-122.51481,35,19830.712802
-122.51481,35,19831.668124
-122.51481,35,19832.912387
-124.852225,38,19833.983442
-124.852225,38,19835.025154
-124.764581,38,19836.352772
-125.799017,39,19837.408387
-125.799017,39,19838.491446
-124.362762,38,19839.697773
-123.36037,37,19840.691258
-124.191944,38,19842.009959
-1816.829808,2120,19907.251248
-125.539812,36,19908.114623
-125.539812,36,19909.05548
-125.575957,36,19910.248779
-125.575957,36,19911.144077
-125.486323,36,19912.335951
-169.373289,127,19916.293638
-141.248587,293,19925.556708
-130.846823,49,19926.74938
-549.733777,397,19938.110825
-502.256551,412,19950.617599
-131.899885,54,19952.216497
-134.297673,82,19954.687584
-131.966205,56,19956.194031
-131.534953,49,19957.705694
-131.825491,54,19959.138134
-325.993201,210,19965.085108
-186.428546,287,19973.929678
-2934.64975,3571,20076.915837
-253.284626,215,20083.808934
-2439.209414,2327,20149.442855
-125.653259,37,20150.681967
-122.153009,35,20151.555656
-122.153009,35,20152.473258
-122.175832,35,20153.606417
-122.175832,35,20154.576447
-122.175832,35,20155.808288
-122.899951,36,20156.743953
-122.899951,36,20157.73283
-122.905423,36,20158.908682
-121.881152,35,20159.815954
-121.881152,35,20160.723007
-121.766287,35,20161.824726
-128.942022,52,20163.234546
-129.336714,51,20164.843931
-124.300797,38,20165.839563
-124.300797,38,20166.860998
-123.48122,37,20168.089065
-123.501952,37,20169.129174
-125.096342,39,20170.466909
-129.55943,52,20171.92341
-937.127849,1028,20201.687387
-128.822003,56,20203.611406
-1764.54849,1722,20254.825121
-133.336282,54,20256.669518
-1468.866998,1267,20292.212124
-337.256469,304,20301.741207
-454.964656,494,20317.181715
-128.663139,55,20319.001504
-128.641923,55,20320.584323
-127.836047,55,20322.409399
-127.893733,55,20324.289499
-497.24403,362,20334.561352
-316.68547,202,20340.499683
-917.396513,725,20359.68948
-125.765807,39,20361.019034
-124.874503,38,20362.059941
-125.705389,39,20363.359637
-398.463455,654,20384.686344
-1987.226303,1877,20438.288686
-790.537052,3571,20559.777297
-224.197047,149,20564.048873
-1860.314672,2267,20637.608875
-651.492173,697,20658.643002
-280.181205,151,20662.548286
-123.379913,37,20663.848315
-1736.19924,2358,20738.12278
-322.999812,216,20744.146841
-1475.888025,3202,20847.003479
-993.828198,943,20873.700625
-373.05934,390,20885.3808
-935.701206,1231,20922.923418
-1078.978437,983,20950.645774
-546.445067,503,20965.016153
-1120.900069,1303,21004.549574
-131.881964,59,21006.337392
-755.025473,772,21028.876585
-195.806927,96,21031.505136
-2929.767057,2795,21114.22108
-491.014037,339,21123.648106
-759.053101,753,21147.802121
-650.540506,542,21163.22388
-986.617661,746,21184.123604
-1350.405953,1362,21223.423185
-1552.076839,1392,21264.084991
-871.785208,695,21283.034714
-1576.39828,3571,21408.276568
-554.652371,416,21420.044007
-2430.881008,3571,21528.619228
-676.607374,572,21544.133015
-613.005851,665,21563.82053
-199.933997,121,21567.443809
-1262.685348,1206,21601.629564
-287.837861,154,21605.598872
-521.202476,517,21620.693585
-209.716608,111,21623.711842
-508.500067,518,21639.024355
-205.800819,154,21643.390339
-271.624742,198,21648.973179
-882.973369,2962,21754.285133
-274.442675,145,21759.14299
-587.027581,471,21771.245915
-242.818295,154,21775.087421
-319.184321,255,21782.105994
-774.589319,2523,21870.821927
-412.835439,364,21881.449252
-682.009146,844,21909.129926
-202.995882,144,21913.452324
-1000.312986,1124,21946.97182
-258.104575,152,21950.998607
-677.257232,745,21972.710555
-668.733741,896,22001.678079
-660.911271,662,22021.03614
-847.905749,825,22044.257652
-419.244464,327,22053.217584
-271.38628,220,22059.470737
-1217.08554,1452,22101.543527
-803.127263,840,22124.870596
-114.906361,25,22125.526911
-247.275376,239,22132.780834
-159.577073,91,22135.65179
-1690.383132,2194,22199.348074
-1716.790109,3571,22321.905854
-741.878761,727,22341.603817
-116.349992,24,22342.191925
-116.349992,24,22342.765215
-116.349992,24,22343.338703
-116.95099,25,22344.169235
-116.34826,24,22344.737027
-116.34826,24,22345.283634
-116.34826,24,22345.824683
-1037.165806,1394,22387.66009
-1386.982262,3571,22516.98015
-325.302105,309,22526.275644
-1276.942334,3571,22655.924318
-713.156554,576,22671.6165
-372.218116,375,22682.637938
-564.769719,358,22691.980857
-1457.315965,1923,22752.763459
-114.973209,25,22753.399317
-115.354694,26,22754.330128
-947.222131,1150,22790.062601
-233.353695,102,22792.716286
-543.394897,432,22804.922639
-1677.135518,1720,22854.262267
-404.045288,362,22864.907878
-798.636028,3571,23002.177125
-157.561468,3571,23131.760528
-387.180975,308,23139.718906
-115.032232,25,23140.395294
-115.032232,25,23141.035285
-114.984401,25,23141.904435
-176.821937,154,23146.433715
-232.198012,360,23158.348009
-1706.914252,3293,23263.643629
-933.630461,3571,23388.728915
-1313.000526,3571,23505.266891
-1010.097687,3571,23632.436414
-2378.998855,2506,23699.597099
-810.314614,667,23718.040869
-943.503582,976,23745.569264
-703.800228,1079,23777.900365
-399.846557,391,23789.013565
-191.875873,175,23794.367494
-240.289128,264,23802.112448
-114.637101,24,23803.001414
-114.743361,25,23803.664664
-114.743361,25,23804.336608
-114.743361,25,23804.985688
-115.502128,26,23805.936715
-739.641182,1162,23840.028032
-204.744303,146,23844.246695
-113.405136,22,23844.837349
-113.405136,22,23845.459768
-113.405136,22,23846.040092
-113.406439,22,23846.911747
-114.589809,24,23847.541641
-114.589809,24,23848.209445
-114.589809,24,23848.855217
-114.589809,24,23849.760882
-1101.140961,1262,23885.032985
-214.8655,155,23889.355252
-222.305625,220,23895.497385
-135.932087,57,23896.930771
-768.580317,906,23922.149482
-459.872303,410,23932.967893
-176.007644,104,23935.659707
-1291.199319,3571,24059.503576
-1863.641291,3571,24172.678391
-1061.161126,1962,24233.86041
-265.616596,1771,24297.275712
-274.969582,429,24310.59534
-675.503499,1084,24343.857235
-1648.767543,2842,24426.654677
-333.980869,500,24441.238652
-348.44324,241,24446.838704
-592.44022,894,24471.73063
-168.210412,160,24476.578289
-236.78723,316,24486.289495
-1791.322364,3106,24576.837145
-201.552961,130,24580.03495
-388.166006,293,24587.370748
-568.911324,660,24605.277025
-462.152957,438,24616.084425
-538.076213,848,24642.503052
-482.536726,1516,24689.582936
-442.198087,419,24700.472705
-1423.152643,3308,24805.342095
-378.342596,357,24815.387825
-115.342495,25,24815.992205
-115.342495,25,24816.602073
-113.838715,22,24817.33433
-1718.045186,3571,24926.787939
-281.415563,199,24933.297761
-777.594224,2630,25020.181278
-253.039943,219,25026.175272
-747.825525,1798,25085.129523
-379.168482,366,25093.83824
-347.378869,284,25101.045014
-998.210591,3571,25214.776126
-810.260699,1092,25246.458853
-998.580064,1763,25298.754345
-997.324154,3571,25419.52208
-963.864184,3571,25541.967633
-251.372317,319,25551.51106
-113.259405,22,25552.05336
-113.259405,22,25552.811048
-579.331787,3571,25683.183398
-372.927441,498,25698.05004
-289.334417,335,25708.571563
-114.263161,23,25709.162168
-114.263161,23,25709.73465
-114.263161,23,25710.318726
-114.263161,23,25710.936718
-114.283922,23,25711.843421
-575.630112,3571,25841.246347
-666.170738,853,25865.296241
-497.749921,383,25874.337989
-574.232754,1779,25931.586282
-209.488089,195,25936.610883
-350.357658,285,25943.651593
-961.01864,953,25968.399132
-114.694332,24,25969.030354
-114.694332,24,25969.658897
-115.146983,25,25970.578415
-1005.875043,3571,26089.55644
-114.663377,25,26090.466889
-114.11696,24,26091.115652
-114.11696,24,26091.762125
-114.11696,24,26092.428097
-114.115536,24,26093.329004
-113.097014,21,26093.829888
-113.097014,21,26094.339632
-113.097014,21,26094.827105
-113.097014,21,26095.318406
-113.085844,21,26096.13513
-113.078852,21,26096.645494
-113.078852,21,26097.15556
-113.078852,21,26097.671027
-113.078852,21,26098.181253
-113.092777,21,26098.928162
-113.092689,21,26099.47456
-113.092689,21,26099.990654
-113.092689,21,26100.501778
-113.092689,21,26101.015191
-113.126,21,26101.76727
-113.126,21,26102.262069
-113.126,21,26102.74951
-113.126,21,26103.280631
-113.125902,21,26104.079901
-113.407749,22,26104.626808
-113.407749,22,26105.172923
-113.407749,22,26105.715775
-113.407749,22,26106.26322
-113.341328,22,26107.130383
-114.029574,24,26107.766815
-114.029574,24,26108.401673
-114.029574,24,26109.044204
-114.01284,24,26109.916874
-832.617235,896,26133.894861
-113.801724,23,26134.496944
-113.801724,23,26135.078804
-113.801724,23,26135.707086
-113.801724,23,26136.289105
-114.047257,24,26137.16448
-113.643489,23,26137.740147
-113.643489,23,26138.337926
-113.643489,23,26138.895638
-113.358124,22,26139.665634
-113.334523,22,26140.162609
-113.334523,22,26140.672611
-113.334523,22,26141.172865
-113.334523,22,26141.660704
-798.040868,921,26166.186436
-113.564472,23,26166.787958
-113.564472,23,26167.3699
-113.564472,23,26168.010736
-847.054246,3571,26284.243276
-629.333417,719,26303.045256
-118.617617,29,26304.061431
-113.322548,22,26304.614281
-113.322548,22,26305.171524
-113.322548,22,26305.771691
-113.322548,22,26306.347735
-417.034604,308,26314.258726
-113.577989,24,26314.903795
-113.577989,24,26315.553232
-113.577989,24,26316.189743
-113.577989,24,26317.083588
-113.358426,22,26317.622708
-113.358426,22,26318.139471
-113.358426,22,26318.652732
-113.358426,22,26319.150779
-113.3369,22,26319.920383
-113.263418,22,26320.428159
-113.263418,22,26320.949219
-113.263418,22,26321.491524
-113.263418,22,26322.013863
-113.330339,22,26322.777634
-113.330339,22,26323.276213
-113.330339,22,26323.775226
-113.330339,22,26324.284024
-113.357717,22,26325.126113
-113.357479,22,26325.649875
-113.357479,22,26326.166236
-113.357479,22,26326.679543
-113.357479,22,26327.193775
-113.583775,24,26328.158025
-113.583775,24,26328.786929
-113.583775,24,26329.428322
-113.583775,24,26330.074344
-364.819537,533,26347.052724
-113.599375,24,26347.72836
-113.599375,24,26348.399173
-113.599375,24,26349.0769
-363.767855,2201,26417.532993
-210.623043,127,26420.986377
-696.444393,3571,26541.987989
-410.735422,3571,26662.377097
-330.957971,230,26667.98481
-609.197349,3261,26774.660883
-305.479014,292,26782.605137
-254.032132,186,26787.420715
-886.168359,3571,26896.184235
-434.44004,427,26907.065169
-292.088837,216,26912.289894
-124.57194,34,26913.084029
-1151.207306,1657,26959.725811
-504.084866,3571,27082.290624
-514.053946,3571,27207.188679
-121.734479,30,27208.204353
-774.318802,1174,27242.138911
-237.580395,3571,27343.160171
-124.371171,32,27343.833611
-123.622202,32,27344.888953
-123.66528,36,27345.800571
-123.66528,36,27346.652859
-126.470385,34,27347.761344
-126.368353,34,27348.652842
-126.368353,34,27349.532032
-123.415364,32,27350.610389
-422.633352,409,27360.863856
-124.461546,33,27361.589009
-124.548887,35,27362.586634
-368.133296,287,27370.096284
-124.635418,34,27371.164238
-123.111324,31,27371.907828
-123.111324,31,27372.649439
-345.66609,327,27382.188037
-123.170441,32,27382.880273
-123.170441,32,27383.606632
-123.341229,34,27384.576682
-122.733884,32,27385.254293
-122.733884,32,27385.927638
-2150.060182,3571,27487.464169
-373.955193,332,27495.750337
-125.170692,35,27496.838896
-121.029223,32,27497.608696
-121.029223,32,27498.405724
-121.029441,32,27499.445284
-325.063164,298,27507.505751
-1738.932419,3170,27595.112481
-214.538044,125,27598.216629
-672.041523,665,27614.541181
-399.739313,323,27622.348116
-128.096822,35,27623.294902
-895.545074,862,27643.737519
-193.417525,119,27646.884973
-551.338748,515,27659.033555
-742.44946,685,27675.677656
-739.633247,3571,27783.688884
-216.426097,468,27800.368296
-1925.929085,2479,27866.895403
-145.340958,67,27868.469182
-145.409992,67,27870.272815
-145.312402,67,27872.216029
-340.235296,469,27886.233088
-130.367518,34,27887.261588
-175.29928,241,27894.21004
-1516.169845,2055,27951.939275
-199.755103,126,27954.944793
-1807.273384,2547,28027.158494
-1078.95831,826,28047.26531
-761.820073,970,28074.705779
-1185.932701,1299,28107.566395
-1053.725128,1369,28145.129073
-181.081435,126,28148.492456
-343.202509,319,28156.659651
-668.59038,899,28182.157888
-532.94058,427,28192.751617
-2403.850903,2332,28251.445768
-658.185484,495,28264.160704
-656.617373,525,28277.586326
-385.976537,303,28286.814753
-1065.353134,1198,28318.590886
-343.647377,393,28330.033015
-350.623446,246,28335.951613
-1843.269022,2298,28399.608036
-432.354937,409,28410.467244
-1146.837267,1365,28446.931255
-284.022657,284,28455.155428
-461.974761,470,28467.783428
-990.385101,955,28493.648416
-226.313695,213,28499.907944
-1452.07705,1194,28529.98807
-439.376586,502,28544.381636
-551.899562,451,28557.065771
-2474.549084,2716,28627.338107
-390.938639,355,28636.286648
-1278.65451,1287,28669.001068
-291.879142,266,28676.121622
-310.761009,283,28684.120748
-271.830755,353,28694.197798
-226.169432,281,28702.851721
-123.474863,31,28703.549751
-123.474863,31,28704.241616
-123.474794,31,28705.172425
-210.745795,266,28713.170509
-324.191662,193,28717.601761
-123.767287,32,28718.374404
-122.544701,35,28719.500751
-1561.816512,1499,28758.46013
-1010.423031,975,28783.986258
-255.426543,357,28794.320856
-176.765357,146,28798.75717
-592.021903,753,28820.699816
-512.532931,538,28837.518142
-215.890889,202,28843.077999
-393.858667,305,28851.152748
-1106.103194,1190,28883.041008
-244.494136,339,28894.357034
-158.224187,109,28897.587517
-147.4399,110,28900.914165
-1007.948838,926,28925.170914
-1536.672258,1623,28969.830701
-396.841829,296,28977.616324
-160.262617,158,28982.585805
-233.512559,298,28991.149301
-154.567002,80,28993.236609
-811.193682,864,29016.440331
-259.255762,332,29025.671782
-161.150288,145,29029.860149
-408.840794,539,29045.579399
-182.624757,150,29049.664342
-167.632977,184,29055.3667
-226.575636,228,29062.600818
-649.97234,538,29076.592823
-223.536455,267,29084.686085
-175.410667,156,29089.494678
-186.919841,160,29093.853268
-540.155986,495,29108.518917
-426.528093,357,29117.886488
-154.946945,127,29121.65385
-164.257804,100,29124.32994
-148.818015,83,29126.647815
-140.658994,73,29128.592391
-165.421758,144,29132.536375
-303.383337,332,29142.37402
-401.78563,348,29150.968047
-235.651733,278,29159.051399
-155.568215,129,29162.912411
-517.765316,602,29180.130284
-154.045811,148,29184.930749
-175.299689,129,29188.508393
-1704.716549,1731,29233.424929
-193.824875,170,29238.445196
-182.589695,237,29245.948997
-353.292016,230,29252.066309
-190.477385,161,29256.277855
-179.85972,129,29259.688356
-172.111623,234,29267.249216
-221.85084,235,29273.832763
-159.379953,135,29278.141257
-158.75847,107,29280.977294
-278.819251,340,29290.491304
-233.669764,306,29299.767651
-550.593972,621,29317.089472
-193.977684,162,29322.036949
-169.464663,134,29325.807595
-861.55283,976,29352.270553
-631.615152,540,29366.817727
-168.460257,122,29370.545125
-634.256663,895,29398.35276
-153.683119,93,29400.675711
-176.391732,198,29407.036827
-171.515335,119,29410.404046
-219.071556,214,29416.492066
-324.818545,351,29426.115511
-196.103929,170,29430.683771
-296.964103,397,29441.955766
-143.489129,71,29443.930052
-172.909453,168,29448.962662
-232.999702,230,29455.642054
-146.677021,67,29457.16005
-141.870818,64,29459.001441
-232.083264,211,29464.968666
-249.021308,469,29480.231997
-145.099226,63,29481.624862
-142.945743,64,29483.346221
-143.078413,64,29485.118527
-144.372585,63,29486.552103
-143.30978,64,29488.288639
-144.976974,66,29490.019473
-147.582993,66,29491.438792
-147.378254,67,29493.155876
-146.55374,66,29494.835295
-147.463068,66,29496.243372
-146.667081,67,29498.014218
-146.556416,67,29499.817763
-142.886945,63,29501.331458
-469.515841,453,29513.596604
-144.684842,63,29515.051785
-145.983072,64,29516.79762
-147.485497,65,29518.60843
-1594.02432,2726,29602.560197
-1284.858894,1542,29646.747655
-189.74079,123,29650.074171
-464.945355,545,29665.375226
-492.571061,381,29676.151832
-930.009787,1334,29714.182174
-309.099501,286,29722.098486
-143.11328,223,29729.973844
-1214.476164,1161,29759.079019
-413.928491,375,29768.346654
-1460.627531,2255,29831.738457
-319.791685,233,29837.692662
-120.052728,40,29838.645247
-120.052728,40,29839.611585
-118.652395,38,29840.782608
-118.58939,38,29841.72038
-118.58939,38,29842.623192
-1804.578579,3571,29947.15714
-118.19354,38,29948.383051
-117.813345,38,29949.316265
-117.813345,38,29950.255311
-117.859026,38,29951.396462
-119.609896,41,29952.373295
-119.609896,41,29955.155455
-2058.782554,3423,30051.171645
-258.67194,249,30057.547135
-114.238438,25,30058.125842
-1362.68281,2091,30119.435821
-115.694337,28,30120.424396
-1005.14408,1873,30174.68985
-451.769683,575,30192.122344
-119.021545,38,30193.316496
-664.662445,668,30210.618767
-327.594213,710,30232.574455
-319.879027,245,30238.885975
-119.779935,39,30239.8469
-119.726418,39,30243.215038
-425.907138,690,30263.726259
-1383.427092,3571,30370.740914
-1288.041284,3571,30482.271605
-1401.913471,3274,30582.792551
-1516.198031,3571,30692.234034
-951.537625,1508,30737.69453
-355.659252,336,30747.39502
-332.40802,699,30769.28379
-623.481937,865,30793.281265
-1576.615019,2959,30883.506926
-186.127289,136,30887.329228
-1442.984609,1610,30931.405463
-1661.139212,3571,31044.838234
-944.805843,1418,31087.497247
-627.548427,806,31110.443476
-547.206194,1025,31142.807638
-1095.477758,1530,31188.104463
-195.592342,183,31193.526591
-233.611377,248,31200.311673
-907.486841,885,31222.069032
-366.358221,295,31229.572712
-654.203109,964,31259.04767
-1226.568324,1317,31293.369547
-527.059284,489,31306.113535
-354.968832,330,31314.782439
-1186.954586,1602,31357.96827
-1067.386573,1103,31387.328865
-125.003689,60,31389.153515
-120.57302,38,31390.113336
-120.57302,38,31391.10526
-1085.206173,1188,31422.026446
-963.286024,1861,31483.717839
-204.599341,151,31487.393332
-526.641483,501,31500.859308
-727.501917,1231,31537.25898
-187.884209,142,31540.710459
-242.657754,201,31545.816631
-212.814958,137,31549.296207
-495.71245,789,31572.946274
-574.494821,502,31585.722188
-510.433089,656,31604.504322
-764.512423,883,31627.712773
-398.318345,443,31639.790365
-1343.284656,1497,31678.947614
-216.489641,155,31682.891183
-196.848436,157,31687.02506
-542.535304,751,31707.639588
-935.23583,3145,31814.678509
-501.384583,539,31829.17601
-769.463924,1664,31880.010701
-1238.789477,3125,31979.543073
-292.315238,242,31985.696427
-214.357672,160,31989.886143
-1106.367987,1352,32027.53674
-528.878116,676,32045.807152
-532.105323,1172,32083.574537
-306.619156,253,32089.874544
-193.587784,114,32092.797735
-594.948947,733,32113.033749
-348.961843,511,32128.345987
-158.787061,143,32132.327476
-1052.057544,2599,32214.493538
-259.498889,369,32225.506036
-450.437617,904,32254.745967
-124.261191,38,32255.598957
-180.370386,116,32258.476899
-255.895488,197,32263.327956
-124.483732,38,32264.402548
-124.483732,38,32265.251643
-125.068054,39,32266.372409
24.483732,38,36834.147933
-124.483732,38,36835.190801
-125.068054,39,36836.615847
